{
  "pipelineConfig" : {
    "schemaVersion" : 6,
    "version" : 11,
    "pipelineId" : "Probespipeline44d3c4cf-5a60-4f03-8b45-ae7538f3349b",
    "title" : "Probes pipeline",
    "description" : "",
    "uuid" : "7047bb0f-0924-434c-991d-ed1935de60cb",
    "configuration" : [ {
      "name" : "executionMode",
      "value" : "STANDALONE"
    }, {
      "name" : "deliveryGuarantee",
      "value" : "AT_LEAST_ONCE"
    }, {
      "name" : "startEventStage",
      "value" : "streamsets-datacollector-basic-lib::com_streamsets_pipeline_stage_destination_devnull_ToErrorNullDTarget::1"
    }, {
      "name" : "stopEventStage",
      "value" : "streamsets-datacollector-basic-lib::com_streamsets_pipeline_stage_destination_devnull_ToErrorNullDTarget::1"
    }, {
      "name" : "shouldRetry",
      "value" : true
    }, {
      "name" : "retryAttempts",
      "value" : -1
    }, {
      "name" : "memoryLimit",
      "value" : "${jvm:maxMemoryMB() * 0.85}"
    }, {
      "name" : "memoryLimitExceeded",
      "value" : "LOG"
    }, {
      "name" : "notifyOnStates",
      "value" : [ "RUN_ERROR", "STOPPED", "FINISHED" ]
    }, {
      "name" : "emailIDs",
      "value" : [ ]
    }, {
      "name" : "constants",
      "value" : [ {
        "key" : "measurement",
        "value" : "probe_data"
      } ]
    }, {
      "name" : "badRecordsHandling",
      "value" : "streamsets-datacollector-basic-lib::com_streamsets_pipeline_stage_destination_devnull_ToErrorNullDTarget::1"
    }, {
      "name" : "errorRecordPolicy",
      "value" : "ORIGINAL_RECORD"
    }, {
      "name" : "workerCount",
      "value" : 0
    }, {
      "name" : "clusterSlaveMemory",
      "value" : 2048
    }, {
      "name" : "clusterSlaveJavaOpts",
      "value" : "-XX:+UseConcMarkSweepGC -XX:+UseParNewGC -Dlog4j.debug"
    }, {
      "name" : "clusterLauncherEnv",
      "value" : [ ]
    }, {
      "name" : "mesosDispatcherURL",
      "value" : null
    }, {
      "name" : "hdfsS3ConfDir",
      "value" : null
    }, {
      "name" : "rateLimit",
      "value" : 0
    }, {
      "name" : "maxRunners",
      "value" : 0
    }, {
      "name" : "shouldCreateFailureSnapshot",
      "value" : true
    }, {
      "name" : "webhookConfigs",
      "value" : [ ]
    }, {
      "name" : "sparkConfigs",
      "value" : [ ]
    }, {
      "name" : "statsAggregatorStage",
      "value" : "streamsets-datacollector-basic-lib::com_streamsets_pipeline_stage_destination_devnull_StatsNullDTarget::1"
    }, {
      "name" : "edgeHttpUrl",
      "value" : "http://localhost:18633"
    }, {
      "name" : "runnerIdleTIme",
      "value" : 60
    }, {
      "name" : "testOriginStage",
      "value" : "streamsets-datacollector-dev-lib::com_streamsets_pipeline_stage_devtest_rawdata_RawDataDSource::3"
    }, {
      "name" : "logLevel",
      "value" : "INFO"
    }, {
      "name" : "amazonEMRConfig.userRegion",
      "value" : null
    }, {
      "name" : "amazonEMRConfig.userRegionCustom",
      "value" : null
    }, {
      "name" : "amazonEMRConfig.s3StagingUri",
      "value" : null
    }, {
      "name" : "amazonEMRConfig.clusterPrefix",
      "value" : null
    }, {
      "name" : "amazonEMRConfig.clusterId",
      "value" : null
    }, {
      "name" : "amazonEMRConfig.terminateCluster",
      "value" : false
    }, {
      "name" : "amazonEMRConfig.enableEMRDebugging",
      "value" : true
    }, {
      "name" : "amazonEMRConfig.s3LogUri",
      "value" : null
    }, {
      "name" : "amazonEMRConfig.serviceRole",
      "value" : "EMR_DefaultRole"
    }, {
      "name" : "amazonEMRConfig.jobFlowRole",
      "value" : "EMR_EC2_DefaultRole"
    }, {
      "name" : "amazonEMRConfig.visibleToAllUsers",
      "value" : true
    }, {
      "name" : "amazonEMRConfig.loggingEnabled",
      "value" : true
    }, {
      "name" : "amazonEMRConfig.ec2SubnetId",
      "value" : null
    }, {
      "name" : "amazonEMRConfig.masterSecurityGroup",
      "value" : null
    }, {
      "name" : "amazonEMRConfig.slaveSecurityGroup",
      "value" : null
    }, {
      "name" : "amazonEMRConfig.instanceCount",
      "value" : 2
    }, {
      "name" : "amazonEMRConfig.masterInstanceType",
      "value" : null
    }, {
      "name" : "amazonEMRConfig.slaveInstanceType",
      "value" : null
    }, {
      "name" : "amazonEMRConfig.masterInstanceTypeCustom",
      "value" : null
    }, {
      "name" : "amazonEMRConfig.slaveInstanceTypeCustom",
      "value" : null
    }, {
      "name" : "amazonEMRConfig.accessKey",
      "value" : null
    }, {
      "name" : "amazonEMRConfig.secretKey",
      "value" : null
    }, {
      "name" : "amazonEMRConfig.provisionNewCluster",
      "value" : false
    } ],
    "uiInfo" : {
      "previewConfig" : {
        "previewSource" : "CONFIGURED_SOURCE",
        "batchSize" : "1",
        "timeout" : "60000",
        "writeToDestinations" : true,
        "executeLifecycleEvents" : true,
        "showHeader" : false,
        "showFieldType" : true,
        "rememberMe" : false
      }
    },
    "fragments" : [ ],
    "stages" : [ {
      "instanceName" : "MQTTSubscriber_01",
      "library" : "streamsets-datacollector-basic-lib",
      "stageName" : "com_streamsets_pipeline_stage_origin_mqtt_MqttClientDSource",
      "stageVersion" : "3",
      "configuration" : [ {
        "name" : "commonConf.brokerUrl",
        "value" : "tcp://mosquitto:1883"
      }, {
        "name" : "commonConf.clientId",
        "value" : "${pipeline:id()}"
      }, {
        "name" : "commonConf.qos",
        "value" : "AT_LEAST_ONCE"
      }, {
        "name" : "commonConf.persistenceMechanism",
        "value" : "MEMORY"
      }, {
        "name" : "commonConf.dataDir",
        "value" : "/tmp"
      }, {
        "name" : "commonConf.keepAlive",
        "value" : 60
      }, {
        "name" : "commonConf.useAuth",
        "value" : false
      }, {
        "name" : "commonConf.username",
        "value" : null
      }, {
        "name" : "commonConf.password",
        "value" : null
      }, {
        "name" : "commonConf.tlsConfig.tlsEnabled",
        "value" : false
      }, {
        "name" : "commonConf.tlsConfig.trustStoreFilePath",
        "value" : null
      }, {
        "name" : "commonConf.tlsConfig.trustStoreType",
        "value" : "JKS"
      }, {
        "name" : "commonConf.tlsConfig.trustStorePassword",
        "value" : null
      }, {
        "name" : "commonConf.tlsConfig.trustStoreAlgorithm",
        "value" : "SunX509"
      }, {
        "name" : "commonConf.tlsConfig.useDefaultProtocols",
        "value" : true
      }, {
        "name" : "commonConf.tlsConfig.protocols",
        "value" : [ ]
      }, {
        "name" : "commonConf.tlsConfig.useDefaultCiperSuites",
        "value" : true
      }, {
        "name" : "commonConf.tlsConfig.cipherSuites",
        "value" : [ ]
      }, {
        "name" : "subscriberConf.topicFilters",
        "value" : [ "telemetry/probes" ]
      }, {
        "name" : "subscriberConf.dataFormat",
        "value" : "JSON"
      }, {
        "name" : "subscriberConf.dataFormatConfig.compression",
        "value" : "NONE"
      }, {
        "name" : "subscriberConf.dataFormatConfig.filePatternInArchive",
        "value" : "*"
      }, {
        "name" : "subscriberConf.dataFormatConfig.charset",
        "value" : "UTF-8"
      }, {
        "name" : "subscriberConf.dataFormatConfig.removeCtrlChars",
        "value" : false
      }, {
        "name" : "subscriberConf.dataFormatConfig.textMaxLineLen",
        "value" : 1024
      }, {
        "name" : "subscriberConf.dataFormatConfig.useCustomDelimiter",
        "value" : false
      }, {
        "name" : "subscriberConf.dataFormatConfig.customDelimiter",
        "value" : "\\r\\n"
      }, {
        "name" : "subscriberConf.dataFormatConfig.includeCustomDelimiterInTheText",
        "value" : false
      }, {
        "name" : "subscriberConf.dataFormatConfig.jsonMaxObjectLen",
        "value" : 4096
      }, {
        "name" : "subscriberConf.dataFormatConfig.csvFileFormat",
        "value" : "CSV"
      }, {
        "name" : "subscriberConf.dataFormatConfig.csvHeader",
        "value" : "NO_HEADER"
      }, {
        "name" : "subscriberConf.dataFormatConfig.csvAllowExtraColumns",
        "value" : false
      }, {
        "name" : "subscriberConf.dataFormatConfig.csvExtraColumnPrefix",
        "value" : "_extra_"
      }, {
        "name" : "subscriberConf.dataFormatConfig.csvMaxObjectLen",
        "value" : 1024
      }, {
        "name" : "subscriberConf.dataFormatConfig.csvCustomDelimiter",
        "value" : "|"
      }, {
        "name" : "subscriberConf.dataFormatConfig.csvCustomEscape",
        "value" : "\\"
      }, {
        "name" : "subscriberConf.dataFormatConfig.csvCustomQuote",
        "value" : "\""
      }, {
        "name" : "subscriberConf.dataFormatConfig.csvEnableComments",
        "value" : false
      }, {
        "name" : "subscriberConf.dataFormatConfig.csvCommentMarker",
        "value" : "#"
      }, {
        "name" : "subscriberConf.dataFormatConfig.csvIgnoreEmptyLines",
        "value" : true
      }, {
        "name" : "subscriberConf.dataFormatConfig.csvRecordType",
        "value" : "LIST_MAP"
      }, {
        "name" : "subscriberConf.dataFormatConfig.csvSkipStartLines",
        "value" : 0
      }, {
        "name" : "subscriberConf.dataFormatConfig.parseNull",
        "value" : false
      }, {
        "name" : "subscriberConf.dataFormatConfig.nullConstant",
        "value" : "\\\\N"
      }, {
        "name" : "subscriberConf.dataFormatConfig.xmlRecordElement",
        "value" : null
      }, {
        "name" : "subscriberConf.dataFormatConfig.includeFieldXpathAttributes",
        "value" : false
      }, {
        "name" : "subscriberConf.dataFormatConfig.xPathNamespaceContext",
        "value" : [ ]
      }, {
        "name" : "subscriberConf.dataFormatConfig.outputFieldAttributes",
        "value" : false
      }, {
        "name" : "subscriberConf.dataFormatConfig.xmlMaxObjectLen",
        "value" : 4096
      }, {
        "name" : "subscriberConf.dataFormatConfig.logMode",
        "value" : "COMMON_LOG_FORMAT"
      }, {
        "name" : "subscriberConf.dataFormatConfig.logMaxObjectLen",
        "value" : 1024
      }, {
        "name" : "subscriberConf.dataFormatConfig.retainOriginalLine",
        "value" : false
      }, {
        "name" : "subscriberConf.dataFormatConfig.customLogFormat",
        "value" : "%h %l %u %t \"%r\" %>s %b"
      }, {
        "name" : "subscriberConf.dataFormatConfig.regex",
        "value" : "^(\\S+) (\\S+) (\\S+) \\[([\\w:/]+\\s[+\\-]\\d{4})\\] \"(\\S+) (\\S+) (\\S+)\" (\\d{3}) (\\d+)"
      }, {
        "name" : "subscriberConf.dataFormatConfig.fieldPathsToGroupName",
        "value" : [ {
          "fieldPath" : "/",
          "group" : 1
        } ]
      }, {
        "name" : "subscriberConf.dataFormatConfig.grokPatternDefinition",
        "value" : null
      }, {
        "name" : "subscriberConf.dataFormatConfig.grokPattern",
        "value" : "%{COMMONAPACHELOG}"
      }, {
        "name" : "subscriberConf.dataFormatConfig.onParseError",
        "value" : "ERROR"
      }, {
        "name" : "subscriberConf.dataFormatConfig.maxStackTraceLines",
        "value" : 50
      }, {
        "name" : "subscriberConf.dataFormatConfig.enableLog4jCustomLogFormat",
        "value" : false
      }, {
        "name" : "subscriberConf.dataFormatConfig.log4jCustomLogFormat",
        "value" : "%r [%t] %-5p %c %x - %m%n"
      }, {
        "name" : "subscriberConf.dataFormatConfig.avroSchemaSource",
        "value" : null
      }, {
        "name" : "subscriberConf.dataFormatConfig.avroSchema",
        "value" : null
      }, {
        "name" : "subscriberConf.dataFormatConfig.schemaRegistryUrls",
        "value" : [ ]
      }, {
        "name" : "subscriberConf.dataFormatConfig.schemaLookupMode",
        "value" : "SUBJECT"
      }, {
        "name" : "subscriberConf.dataFormatConfig.subject",
        "value" : null
      }, {
        "name" : "subscriberConf.dataFormatConfig.schemaId",
        "value" : null
      }, {
        "name" : "subscriberConf.dataFormatConfig.protoDescriptorFile",
        "value" : null
      }, {
        "name" : "subscriberConf.dataFormatConfig.messageType",
        "value" : null
      }, {
        "name" : "subscriberConf.dataFormatConfig.isDelimited",
        "value" : true
      }, {
        "name" : "subscriberConf.dataFormatConfig.binaryMaxObjectLen",
        "value" : 1024
      }, {
        "name" : "subscriberConf.dataFormatConfig.datagramMode",
        "value" : "SYSLOG"
      }, {
        "name" : "subscriberConf.dataFormatConfig.typesDbPath",
        "value" : null
      }, {
        "name" : "subscriberConf.dataFormatConfig.convertTime",
        "value" : false
      }, {
        "name" : "subscriberConf.dataFormatConfig.excludeInterval",
        "value" : true
      }, {
        "name" : "subscriberConf.dataFormatConfig.authFilePath",
        "value" : null
      }, {
        "name" : "subscriberConf.dataFormatConfig.netflowOutputValuesMode",
        "value" : "RAW_AND_INTERPRETED"
      }, {
        "name" : "subscriberConf.dataFormatConfig.maxTemplateCacheSize",
        "value" : -1
      }, {
        "name" : "subscriberConf.dataFormatConfig.templateCacheTimeoutMs",
        "value" : -1
      }, {
        "name" : "subscriberConf.dataFormatConfig.netflowOutputValuesModeDatagram",
        "value" : "RAW_AND_INTERPRETED"
      }, {
        "name" : "subscriberConf.dataFormatConfig.maxTemplateCacheSizeDatagram",
        "value" : -1
      }, {
        "name" : "subscriberConf.dataFormatConfig.templateCacheTimeoutMsDatagram",
        "value" : -1
      }, {
        "name" : "subscriberConf.dataFormatConfig.wholeFileMaxObjectLen",
        "value" : 8192
      }, {
        "name" : "subscriberConf.dataFormatConfig.rateLimit",
        "value" : "-1"
      }, {
        "name" : "subscriberConf.dataFormatConfig.verifyChecksum",
        "value" : false
      }, {
        "name" : "stageOnRecordError",
        "value" : "DISCARD"
      }, {
        "name" : "subscriberConf.dataFormatConfig.excelHeader",
        "value" : null
      }, {
        "name" : "commonConf.cleanSession",
        "value" : false
      }, {
        "name" : "commonConf.tlsConfig.keyStoreFilePath",
        "value" : null
      }, {
        "name" : "commonConf.tlsConfig.keyStoreType",
        "value" : "JKS"
      }, {
        "name" : "commonConf.tlsConfig.keyStorePassword",
        "value" : null
      }, {
        "name" : "commonConf.tlsConfig.keyStoreAlgorithm",
        "value" : "SunX509"
      } ],
      "uiInfo" : {
        "description" : "",
        "label" : "Probe Subscriber",
        "xPos" : 61.295753479003906,
        "yPos" : 51.295753479003906,
        "stageType" : "SOURCE"
      },
      "inputLanes" : [ ],
      "outputLanes" : [ "MQTTSubscriber_01OutputLane15378113100160" ],
      "eventLanes" : [ ],
      "services" : [ ]
    }, {
      "instanceName" : "ExpressionEvaluator_01",
      "library" : "streamsets-datacollector-basic-lib",
      "stageName" : "com_streamsets_pipeline_stage_processor_expression_ExpressionDProcessor",
      "stageVersion" : "2",
      "configuration" : [ {
        "name" : "expressionProcessorConfigs",
        "value" : [ {
          "fieldToSet" : "/sensor",
          "expression" : "${str:toUpper(record:value('/sensor'))}"
        } ]
      }, {
        "name" : "headerAttributeConfigs",
        "value" : [ { } ]
      }, {
        "name" : "fieldAttributeConfigs",
        "value" : [ {
          "fieldToSet" : "/"
        } ]
      }, {
        "name" : "stageOnRecordError",
        "value" : "TO_ERROR"
      }, {
        "name" : "stageRequiredFields",
        "value" : [ ]
      }, {
        "name" : "stageRecordPreconditions",
        "value" : [ ]
      } ],
      "uiInfo" : {
        "description" : "",
        "label" : "Uppercase MAC",
        "xPos" : 280,
        "yPos" : 50,
        "stageType" : "PROCESSOR"
      },
      "inputLanes" : [ "MQTTSubscriber_01OutputLane15378113100160" ],
      "outputLanes" : [ "ExpressionEvaluator_01OutputLane15396248797930" ],
      "eventLanes" : [ ],
      "services" : [ ]
    }, {
      "instanceName" : "RedisLookupProcessor_01",
      "library" : "streamsets-datacollector-redis-lib",
      "stageName" : "com_streamsets_pipeline_stage_processor_kv_redis_RedisLookupDProcessor",
      "stageVersion" : "1",
      "configuration" : [ {
        "name" : "conf.uri",
        "value" : "redis://redis:6379"
      }, {
        "name" : "conf.connectionTimeout",
        "value" : 60
      }, {
        "name" : "conf.mode",
        "value" : "BATCH"
      }, {
        "name" : "conf.lookups",
        "value" : [ {
          "dataType" : "HASH",
          "keyExpr" : "${record:value('/sensor')}",
          "outputFieldPath" : "/location"
        } ]
      }, {
        "name" : "conf.cache.enabled",
        "value" : true
      }, {
        "name" : "conf.cache.maxSize",
        "value" : -1
      }, {
        "name" : "conf.cache.evictionPolicyType",
        "value" : "EXPIRE_AFTER_ACCESS"
      }, {
        "name" : "conf.cache.expirationTime",
        "value" : 1
      }, {
        "name" : "conf.cache.timeUnit",
        "value" : "SECONDS"
      }, {
        "name" : "stageOnRecordError",
        "value" : "TO_ERROR"
      }, {
        "name" : "stageRequiredFields",
        "value" : [ "/sensor" ]
      }, {
        "name" : "stageRecordPreconditions",
        "value" : [ ]
      } ],
      "uiInfo" : {
        "description" : "Redis lookup for geopositioning data",
        "label" : "GeoPosition lookpup",
        "xPos" : 500,
        "yPos" : 50,
        "stageType" : "PROCESSOR"
      },
      "inputLanes" : [ "ExpressionEvaluator_01OutputLane15396248797930" ],
      "outputLanes" : [ "RedisLookupProcessor_01OutputLane15378160930590" ],
      "eventLanes" : [ ],
      "services" : [ ]
    }, {
      "instanceName" : "StaticLookup_01",
      "library" : "streamsets-datacollector-basic-lib",
      "stageName" : "com_streamsets_pipeline_stage_processor_kv_local_LocalLookupDProcessor",
      "stageVersion" : "1",
      "configuration" : [ {
        "name" : "conf.values",
        "value" : [ {
          "key" : "probe_data",
          "value" : "probe_data"
        } ]
      }, {
        "name" : "conf.mode",
        "value" : "BATCH"
      }, {
        "name" : "conf.lookups",
        "value" : [ {
          "keyExpr" : "${measurement}",
          "outputFieldPath" : "/measurement"
        } ]
      }, {
        "name" : "stageOnRecordError",
        "value" : "TO_ERROR"
      }, {
        "name" : "stageRequiredFields",
        "value" : [ "/sensor" ]
      }, {
        "name" : "stageRecordPreconditions",
        "value" : [ ]
      } ],
      "uiInfo" : {
        "description" : "",
        "label" : "Measurement field workaroud",
        "xPos" : 720,
        "yPos" : 50,
        "stageType" : "PROCESSOR"
      },
      "inputLanes" : [ "RedisLookupProcessor_01OutputLane15378160930590" ],
      "outputLanes" : [ "StaticLookup_01OutputLane15382695665450" ],
      "eventLanes" : [ ],
      "services" : [ ]
    }, {
      "instanceName" : "FieldRenamer_01",
      "library" : "streamsets-datacollector-basic-lib",
      "stageName" : "com_streamsets_pipeline_stage_processor_fieldrenamer_FieldRenamerDProcessor",
      "stageVersion" : "2",
      "configuration" : [ {
        "name" : "renameMapping",
        "value" : [ {
          "fromFieldExpression" : "/location/Latitude",
          "toFieldExpression" : "/latitude"
        }, {
          "fromFieldExpression" : "/location/Longitude",
          "toFieldExpression" : "/longitude"
        } ]
      }, {
        "name" : "errorHandler.nonExistingFromFieldHandling",
        "value" : "CONTINUE"
      }, {
        "name" : "errorHandler.existingToFieldHandling",
        "value" : "CONTINUE"
      }, {
        "name" : "errorHandler.multipleFromFieldsMatching",
        "value" : "TO_ERROR"
      }, {
        "name" : "stageOnRecordError",
        "value" : "TO_ERROR"
      }, {
        "name" : "stageRequiredFields",
        "value" : [ ]
      }, {
        "name" : "stageRecordPreconditions",
        "value" : [ ]
      } ],
      "uiInfo" : {
        "description" : "",
        "label" : "Rename geoposition fields",
        "xPos" : 940,
        "yPos" : 50,
        "stageType" : "PROCESSOR"
      },
      "inputLanes" : [ "StaticLookup_01OutputLane15382695665450" ],
      "outputLanes" : [ "FieldRenamer_01OutputLane15380780068990" ],
      "eventLanes" : [ ],
      "services" : [ ]
    }, {
      "instanceName" : "FieldRemover_01",
      "library" : "streamsets-datacollector-basic-lib",
      "stageName" : "com_streamsets_pipeline_stage_processor_fieldfilter_FieldFilterDProcessor",
      "stageVersion" : "1",
      "configuration" : [ {
        "name" : "filterOperation",
        "value" : "REMOVE"
      }, {
        "name" : "fields",
        "value" : [ "/location" ]
      }, {
        "name" : "stageRequiredFields",
        "value" : [ ]
      }, {
        "name" : "stageRecordPreconditions",
        "value" : [ ]
      }, {
        "name" : "constant",
        "value" : null
      } ],
      "uiInfo" : {
        "description" : "Removes unnecessary fields from redis lookup",
        "label" : "Redis field remover",
        "xPos" : 1160,
        "yPos" : 50,
        "stageType" : "PROCESSOR"
      },
      "inputLanes" : [ "FieldRenamer_01OutputLane15380780068990" ],
      "outputLanes" : [ "FieldRemover_01OutputLane15379684389410" ],
      "eventLanes" : [ ],
      "services" : [ ]
    }, {
      "instanceName" : "FieldTypeConverter_01",
      "library" : "streamsets-datacollector-basic-lib",
      "stageName" : "com_streamsets_pipeline_stage_processor_fieldtypeconverter_FieldTypeConverterDProcessor",
      "stageVersion" : "2",
      "configuration" : [ {
        "name" : "convertBy",
        "value" : "BY_FIELD"
      }, {
        "name" : "fieldTypeConverterConfigs",
        "value" : [ {
          "fields" : [ "/timestamp" ],
          "targetType" : "LONG",
          "treatInputFieldAsDate" : false,
          "dataLocale" : "en,US",
          "scale" : -1,
          "decimalScaleRoundingStrategy" : "ROUND_UNNECESSARY",
          "dateFormat" : "YYYY_MM_DD",
          "zonedDateTimeFormat" : "ISO_ZONED_DATE_TIME",
          "encoding" : "UTF-8"
        }, {
          "fields" : [ "/RSSI", "/Channel" ],
          "targetType" : "INTEGER",
          "treatInputFieldAsDate" : false,
          "dataLocale" : "en,US",
          "scale" : -1,
          "decimalScaleRoundingStrategy" : "ROUND_UNNECESSARY",
          "dateFormat" : "YYYY_MM_DD",
          "zonedDateTimeFormat" : "ISO_ZONED_DATE_TIME",
          "encoding" : "UTF-8"
        } ]
      }, {
        "name" : "wholeTypeConverterConfigs",
        "value" : [ {
          "sourceType" : "INTEGER",
          "targetType" : "INTEGER",
          "treatInputFieldAsDate" : false,
          "dataLocale" : "en,US",
          "scale" : -1,
          "decimalScaleRoundingStrategy" : "ROUND_UNNECESSARY",
          "dateFormat" : "YYYY_MM_DD",
          "zonedDateTimeFormat" : "ISO_ZONED_DATE_TIME",
          "encoding" : "UTF-8"
        } ]
      }, {
        "name" : "stageOnRecordError",
        "value" : "TO_ERROR"
      }, {
        "name" : "stageRequiredFields",
        "value" : [ ]
      }, {
        "name" : "stageRecordPreconditions",
        "value" : [ ]
      } ],
      "uiInfo" : {
        "description" : "",
        "label" : "Fields type cast",
        "xPos" : 1380,
        "yPos" : 50,
        "stageType" : "PROCESSOR"
      },
      "inputLanes" : [ "FieldRemover_01OutputLane15379684389410" ],
      "outputLanes" : [ "FieldTypeConverter_01OutputLane15498897416360" ],
      "eventLanes" : [ ],
      "services" : [ ]
    }, {
      "instanceName" : "InfluxDB_01",
      "library" : "streamsets-datacollector-influxdb_0_9-lib",
      "stageName" : "com_streamsets_pipeline_stage_destination_influxdb_InfluxDTarget",
      "stageVersion" : "1",
      "configuration" : [ {
        "name" : "conf.url",
        "value" : "http://influx:8086"
      }, {
        "name" : "conf.username",
        "value" : "tcc"
      }, {
        "name" : "conf.password",
        "value" : "tcc_ufrj"
      }, {
        "name" : "conf.dbName",
        "value" : "tcc_data"
      }, {
        "name" : "conf.autoCreate",
        "value" : true
      }, {
        "name" : "conf.retentionPolicy",
        "value" : null
      }, {
        "name" : "conf.consistencyLevel",
        "value" : "QUORUM"
      }, {
        "name" : "conf.recordConverterType",
        "value" : "CUSTOM"
      }, {
        "name" : "conf.fieldMapping.measurementField",
        "value" : "/measurement"
      }, {
        "name" : "conf.fieldMapping.timeField",
        "value" : "/timestamp"
      }, {
        "name" : "conf.fieldMapping.timeUnit",
        "value" : "SECONDS"
      }, {
        "name" : "conf.fieldMapping.tagFields",
        "value" : [ "/sensor", "/dstMac", "/SSID", "/srcMac" ]
      }, {
        "name" : "conf.fieldMapping.valueFields",
        "value" : [ "/RSSI", "/Channel" ]
      }, {
        "name" : "stageOnRecordError",
        "value" : "TO_ERROR"
      }, {
        "name" : "stageRequiredFields",
        "value" : [ ]
      }, {
        "name" : "stageRecordPreconditions",
        "value" : [ ]
      } ],
      "uiInfo" : {
        "description" : "",
        "label" : "Influx Data persistence",
        "xPos" : 1600,
        "yPos" : 50,
        "stageType" : "TARGET"
      },
      "inputLanes" : [ "FieldTypeConverter_01OutputLane15498897416360" ],
      "outputLanes" : [ ],
      "eventLanes" : [ ],
      "services" : [ ]
    } ],
    "errorStage" : {
      "instanceName" : "Discard_ErrorStage",
      "library" : "streamsets-datacollector-basic-lib",
      "stageName" : "com_streamsets_pipeline_stage_destination_devnull_ToErrorNullDTarget",
      "stageVersion" : "1",
      "configuration" : [ ],
      "uiInfo" : {
        "description" : "",
        "label" : "Error Records - Discard",
        "xPos" : 1380,
        "yPos" : 50,
        "stageType" : "TARGET"
      },
      "inputLanes" : [ ],
      "outputLanes" : [ ],
      "eventLanes" : [ ],
      "services" : [ ]
    },
    "info" : {
      "pipelineId" : "Probespipeline44d3c4cf-5a60-4f03-8b45-ae7538f3349b",
      "title" : "Probes pipeline",
      "description" : "",
      "created" : 1560171605924,
      "lastModified" : 1560171606106,
      "creator" : "admin",
      "lastModifier" : "admin",
      "lastRev" : "0",
      "uuid" : "7047bb0f-0924-434c-991d-ed1935de60cb",
      "valid" : true,
      "metadata" : {
        "labels" : [ ]
      },
      "name" : "Probespipeline44d3c4cf-5a60-4f03-8b45-ae7538f3349b",
      "sdcVersion" : "3.7.1",
      "sdcId" : "3ddc4e08-2dfb-11e9-9bcd-e11be2560c4d"
    },
    "metadata" : {
      "labels" : [ ]
    },
    "statsAggregatorStage" : {
      "instanceName" : "Discard_StatsAggregatorStage",
      "library" : "streamsets-datacollector-basic-lib",
      "stageName" : "com_streamsets_pipeline_stage_destination_devnull_StatsNullDTarget",
      "stageVersion" : "1",
      "configuration" : [ ],
      "uiInfo" : {
        "description" : "",
        "label" : "Stats Aggregator - Discard",
        "xPos" : 1380,
        "yPos" : 50,
        "stageType" : "TARGET"
      },
      "inputLanes" : [ ],
      "outputLanes" : [ ],
      "eventLanes" : [ ],
      "services" : [ ]
    },
    "startEventStages" : [ {
      "instanceName" : "Discard_StartEventStage",
      "library" : "streamsets-datacollector-basic-lib",
      "stageName" : "com_streamsets_pipeline_stage_destination_devnull_ToErrorNullDTarget",
      "stageVersion" : "1",
      "configuration" : [ ],
      "uiInfo" : {
        "description" : "",
        "label" : "Start Event - Discard",
        "xPos" : 280,
        "yPos" : 50,
        "stageType" : "TARGET"
      },
      "inputLanes" : [ ],
      "outputLanes" : [ ],
      "eventLanes" : [ ],
      "services" : [ ]
    } ],
    "stopEventStages" : [ {
      "instanceName" : "Discard_StopEventStage",
      "library" : "streamsets-datacollector-basic-lib",
      "stageName" : "com_streamsets_pipeline_stage_destination_devnull_ToErrorNullDTarget",
      "stageVersion" : "1",
      "configuration" : [ ],
      "uiInfo" : {
        "description" : "",
        "label" : "Stop Event - Discard",
        "xPos" : 280,
        "yPos" : 50,
        "stageType" : "TARGET"
      },
      "inputLanes" : [ ],
      "outputLanes" : [ ],
      "eventLanes" : [ ],
      "services" : [ ]
    } ],
    "testOriginStage" : {
      "instanceName" : "com_streamsets_pipeline_stage_devtest_rawdata_RawDataDSource_TestOriginStage",
      "library" : "streamsets-datacollector-dev-lib",
      "stageName" : "com_streamsets_pipeline_stage_devtest_rawdata_RawDataDSource",
      "stageVersion" : "3",
      "configuration" : [ {
        "name" : "rawData",
        "value" : "{\n  \"f1\": \"abc\",\n  \"f2\": \"xyz\",\n  \"f3\": \"lmn\"\n}"
      }, {
        "name" : "stopAfterFirstBatch",
        "value" : false
      }, {
        "name" : "stageOnRecordError",
        "value" : "TO_ERROR"
      } ],
      "uiInfo" : {
        "stageType" : "SOURCE",
        "label" : "Test Origin - Dev Raw Data Source"
      },
      "inputLanes" : [ ],
      "outputLanes" : [ "com_streamsets_pipeline_stage_devtest_rawdata_RawDataDSource_TestOriginStageOutputLane1" ],
      "eventLanes" : [ ],
      "services" : [ {
        "service" : "com.streamsets.pipeline.api.service.dataformats.DataFormatParserService",
        "serviceVersion" : 1,
        "configuration" : [ {
          "name" : "displayFormats",
          "value" : "DELIMITED,JSON,LOG,SDC_JSON,TEXT,XML"
        }, {
          "name" : "dataFormat",
          "value" : "JSON"
        }, {
          "name" : "dataFormatConfig.compression",
          "value" : "NONE"
        }, {
          "name" : "dataFormatConfig.filePatternInArchive",
          "value" : "*"
        }, {
          "name" : "dataFormatConfig.charset",
          "value" : "UTF-8"
        }, {
          "name" : "dataFormatConfig.removeCtrlChars",
          "value" : false
        }, {
          "name" : "dataFormatConfig.textMaxLineLen",
          "value" : 1024
        }, {
          "name" : "dataFormatConfig.useCustomDelimiter",
          "value" : false
        }, {
          "name" : "dataFormatConfig.customDelimiter",
          "value" : "\\r\\n"
        }, {
          "name" : "dataFormatConfig.includeCustomDelimiterInTheText",
          "value" : false
        }, {
          "name" : "dataFormatConfig.jsonContent",
          "value" : "MULTIPLE_OBJECTS"
        }, {
          "name" : "dataFormatConfig.jsonMaxObjectLen",
          "value" : 4096
        }, {
          "name" : "dataFormatConfig.csvFileFormat",
          "value" : "CSV"
        }, {
          "name" : "dataFormatConfig.csvHeader",
          "value" : "NO_HEADER"
        }, {
          "name" : "dataFormatConfig.csvAllowExtraColumns",
          "value" : false
        }, {
          "name" : "dataFormatConfig.csvExtraColumnPrefix",
          "value" : "_extra_"
        }, {
          "name" : "dataFormatConfig.csvMaxObjectLen",
          "value" : 1024
        }, {
          "name" : "dataFormatConfig.csvCustomDelimiter",
          "value" : "|"
        }, {
          "name" : "dataFormatConfig.csvCustomEscape",
          "value" : "\\"
        }, {
          "name" : "dataFormatConfig.csvCustomQuote",
          "value" : "\""
        }, {
          "name" : "dataFormatConfig.csvEnableComments",
          "value" : false
        }, {
          "name" : "dataFormatConfig.csvCommentMarker",
          "value" : "#"
        }, {
          "name" : "dataFormatConfig.csvIgnoreEmptyLines",
          "value" : false
        }, {
          "name" : "dataFormatConfig.csvRecordType",
          "value" : "LIST_MAP"
        }, {
          "name" : "dataFormatConfig.csvSkipStartLines",
          "value" : 0
        }, {
          "name" : "dataFormatConfig.parseNull",
          "value" : false
        }, {
          "name" : "dataFormatConfig.nullConstant",
          "value" : "\\\\N"
        }, {
          "name" : "dataFormatConfig.xmlRecordElement",
          "value" : null
        }, {
          "name" : "dataFormatConfig.includeFieldXpathAttributes",
          "value" : false
        }, {
          "name" : "dataFormatConfig.xPathNamespaceContext",
          "value" : [ ]
        }, {
          "name" : "dataFormatConfig.outputFieldAttributes",
          "value" : false
        }, {
          "name" : "dataFormatConfig.xmlMaxObjectLen",
          "value" : 4096
        }, {
          "name" : "dataFormatConfig.logMode",
          "value" : "COMMON_LOG_FORMAT"
        }, {
          "name" : "dataFormatConfig.logMaxObjectLen",
          "value" : 1024
        }, {
          "name" : "dataFormatConfig.retainOriginalLine",
          "value" : false
        }, {
          "name" : "dataFormatConfig.customLogFormat",
          "value" : "%h %l %u %t \"%r\" %>s %b"
        }, {
          "name" : "dataFormatConfig.regex",
          "value" : "^(\\S+) (\\S+) (\\S+) \\[([\\w:/]+\\s[+\\-]\\d{4})\\] \"(\\S+) (\\S+) (\\S+)\" (\\d{3}) (\\d+)"
        }, {
          "name" : "dataFormatConfig.fieldPathsToGroupName",
          "value" : [ {
            "fieldPath" : "/",
            "group" : 1
          } ]
        }, {
          "name" : "dataFormatConfig.grokPatternDefinition",
          "value" : null
        }, {
          "name" : "dataFormatConfig.grokPattern",
          "value" : "%{COMMONAPACHELOG}"
        }, {
          "name" : "dataFormatConfig.onParseError",
          "value" : "ERROR"
        }, {
          "name" : "dataFormatConfig.maxStackTraceLines",
          "value" : 50
        }, {
          "name" : "dataFormatConfig.enableLog4jCustomLogFormat",
          "value" : false
        }, {
          "name" : "dataFormatConfig.log4jCustomLogFormat",
          "value" : "%r [%t] %-5p %c %x - %m%n"
        }, {
          "name" : "dataFormatConfig.avroSchemaSource",
          "value" : null
        }, {
          "name" : "dataFormatConfig.avroSchema",
          "value" : null
        }, {
          "name" : "dataFormatConfig.schemaRegistryUrls",
          "value" : [ ]
        }, {
          "name" : "dataFormatConfig.schemaLookupMode",
          "value" : "SUBJECT"
        }, {
          "name" : "dataFormatConfig.subject",
          "value" : null
        }, {
          "name" : "dataFormatConfig.schemaId",
          "value" : null
        }, {
          "name" : "dataFormatConfig.protoDescriptorFile",
          "value" : null
        }, {
          "name" : "dataFormatConfig.messageType",
          "value" : null
        }, {
          "name" : "dataFormatConfig.isDelimited",
          "value" : false
        }, {
          "name" : "dataFormatConfig.binaryMaxObjectLen",
          "value" : 1024
        }, {
          "name" : "dataFormatConfig.datagramMode",
          "value" : "SYSLOG"
        }, {
          "name" : "dataFormatConfig.typesDbPath",
          "value" : null
        }, {
          "name" : "dataFormatConfig.convertTime",
          "value" : false
        }, {
          "name" : "dataFormatConfig.excludeInterval",
          "value" : false
        }, {
          "name" : "dataFormatConfig.authFilePath",
          "value" : null
        }, {
          "name" : "dataFormatConfig.netflowOutputValuesMode",
          "value" : "RAW_AND_INTERPRETED"
        }, {
          "name" : "dataFormatConfig.maxTemplateCacheSize",
          "value" : -1
        }, {
          "name" : "dataFormatConfig.templateCacheTimeoutMs",
          "value" : -1
        }, {
          "name" : "dataFormatConfig.netflowOutputValuesModeDatagram",
          "value" : "RAW_AND_INTERPRETED"
        }, {
          "name" : "dataFormatConfig.maxTemplateCacheSizeDatagram",
          "value" : -1
        }, {
          "name" : "dataFormatConfig.templateCacheTimeoutMsDatagram",
          "value" : -1
        }, {
          "name" : "dataFormatConfig.wholeFileMaxObjectLen",
          "value" : 8192
        }, {
          "name" : "dataFormatConfig.rateLimit",
          "value" : "-1"
        }, {
          "name" : "dataFormatConfig.verifyChecksum",
          "value" : false
        }, {
          "name" : "dataFormatConfig.excelHeader",
          "value" : null
        } ]
      } ]
    },
    "valid" : true,
    "issues" : {
      "issueCount" : 0,
      "pipelineIssues" : [ ],
      "stageIssues" : { }
    },
    "previewable" : false
  },
  "pipelineRules" : {
    "schemaVersion" : 3,
    "version" : 2,
    "metricsRuleDefinitions" : [ {
      "id" : "badRecordsAlertID",
      "alertText" : "High incidence of Error Records",
      "metricId" : "pipeline.batchErrorRecords.counter",
      "metricType" : "COUNTER",
      "metricElement" : "COUNTER_COUNT",
      "condition" : "${value() > 100}",
      "sendEmail" : false,
      "enabled" : false,
      "timestamp" : 1539624123871,
      "valid" : true
    }, {
      "id" : "stageErrorAlertID",
      "alertText" : "High incidence of Stage Errors",
      "metricId" : "pipeline.batchErrorMessages.counter",
      "metricType" : "COUNTER",
      "metricElement" : "COUNTER_COUNT",
      "condition" : "${value() > 100}",
      "sendEmail" : false,
      "enabled" : false,
      "timestamp" : 1539624123871,
      "valid" : true
    }, {
      "id" : "idleGaugeID",
      "alertText" : "Pipeline is Idle",
      "metricId" : "RuntimeStatsGauge.gauge",
      "metricType" : "GAUGE",
      "metricElement" : "TIME_OF_LAST_RECEIVED_RECORD",
      "condition" : "${time:now() - value() > 120000}",
      "sendEmail" : false,
      "enabled" : false,
      "timestamp" : 1539624123871,
      "valid" : true
    }, {
      "id" : "batchTimeAlertID",
      "alertText" : "Batch taking more time to process",
      "metricId" : "RuntimeStatsGauge.gauge",
      "metricType" : "GAUGE",
      "metricElement" : "CURRENT_BATCH_AGE",
      "condition" : "${value() > 200}",
      "sendEmail" : false,
      "enabled" : false,
      "timestamp" : 1539624123871,
      "valid" : true
    }, {
      "id" : "memoryLimitAlertID",
      "alertText" : "Memory limit for pipeline exceeded",
      "metricId" : "pipeline.memoryConsumed.counter",
      "metricType" : "COUNTER",
      "metricElement" : "COUNTER_COUNT",
      "condition" : "${value() > (jvm:maxMemoryMB() * 0.65)}",
      "sendEmail" : false,
      "enabled" : false,
      "timestamp" : 1539624123871,
      "valid" : true
    } ],
    "dataRuleDefinitions" : [ ],
    "driftRuleDefinitions" : [ ],
    "uuid" : "3f547684-a758-45a3-8d37-1aefdc3bf9b6",
    "configuration" : [ {
      "name" : "emailIDs",
      "value" : [ ]
    }, {
      "name" : "webhookConfigs",
      "value" : [ ]
    } ],
    "ruleIssues" : [ ],
    "configIssues" : [ ]
  },
  "libraryDefinitions" : null
}