"1553907709129","1"
"1553907709306","2"
"1553907709489","3"
"1553907709674","4"
"1553907709860","5"
"1553907710053","6"
"1553907710251","7"
"1553907710506","8"
"1553907710733","9"
"1553907711250","10"
"1553907729065","11"
"1553907757545","12"
"1553908002213","11"
"1553908002546","10"
"1553908085671","11"
"1553908219790","12"
"1553908223175","13"
"1553908528816","12"
"1553908531156","11"
"1553908532025","12"
"1553908659615","11"
"1553908678767","12"
"1553908759286","11"
"1553908762336","12"
"1553908815885","13"
"1553908946668","14"
"1553909150803","15"
"1553909154686","16"
"1553909166758","17"
"1553909282944","18"
"1553909537241","17"
"1553909537561","16"
"1553909621489","17"
"1553909624206","18"
"1553909727929","19"
"1553909819050","20"
"1553909995516","19"
"1553910134184","20"
"1553910427274","19"
"1553910427526","18"
"1553910534967","17"
"1553910826855","16"
"1553910827199","15"
"1553910828802","14"
"1553911717449","13"
"1553911743243","12"
"1553911743494","11"
"1553911743677","10"
"1553911772323","9"
"1553911772674","8"
"1553912146596","7"