2019-05-13T22:36:34.000Z,-2291770975,-4324577276,7.21384E+15,536,,0.0,0,gps,,,,,,,,100,
2019-05-13T22:36:37.000Z,-2291774058,-4324578226,795458984375,4288,77.6,15,8,gps,1.0,0.8,1.3,-4.0,,,,100,
2019-05-13T22:36:40.000Z,-2291770562,-4324584603,137059326171875,536,,0.0,14,gps,0.7,0.7,1.0,-4.0,,,,100,
2019-05-13T22:36:43.000Z,-2291766704,-4324587269,188372802734375,4288,,0.0,15,gps,0.7,0.7,1.0,-4.0,,,,100,
2019-05-13T22:36:46.000Z,-2291765865,-4324588614,2.24321E+15,4288,,0.0,13,gps,0.8,0.8,1.1,-4.0,,,,100,
2019-05-13T22:36:48.000Z,-2291765479,-4324586404,222808837890625,4288,83.4,176,13,gps,0.7,0.7,1.0,-4.0,,,,99,
2019-05-13T22:36:51.000Z,-2291762956,-4324576591,2.05286E+15,4288,77.6,429,12,gps,0.7,0.7,1.0,-4.0,,,,99,
2019-05-13T22:36:54.000Z,-2291759032,-432456265,2.25751E+15,4288,72.3,501,11,gps,0.7,0.7,1.0,-4.0,,,,99,
2019-05-13T22:36:57.000Z,-2291758341,-4324545574,230087890625,536,80.4,593,11,gps,0.7,0.8,1.1,-4.0,,,,99,
2019-05-13T22:37:00.000Z,-2291752748,-4324523108,2.57081E+15,536,76.9,739,13,gps,0.7,0.8,1.0,-4.0,,,,99,
2019-05-13T22:37:03.000Z,-2291751164,-432450231,2.28022E+15,1072,79.9,693,10,gps,0.7,0.8,1.0,-4.0,,,,99,
2019-05-13T22:37:06.000Z,-2291743744,-4324486866,2.24308E+15,536,76.2,656,12,gps,0.8,0.8,1.1,-4.0,,,,99,
2019-05-13T22:37:09.000Z,-2291739355,-4324464717,217161865234375,536,80.2,806,13,gps,0.8,0.8,1.1,-4.0,,,,99,
2019-05-13T22:37:11.000Z,-2291737045,-4324445111,2.23719E+15,4288,80.6,963,13,gps,0.8,0.8,1.1,-4.0,,,,99,
2019-05-13T22:37:14.000Z,-2291733618,-4324415415,2379736328125,3216,80.1,994,13,gps,0.8,0.8,1.1,-4.0,,,,99,
2019-05-13T22:37:17.000Z,-2291729147,-4324386081,25046142578125,3216,77.8,1047,14,gps,0.7,0.7,1.0,-4.0,,,,99,
2019-05-13T22:37:20.000Z,-2291723217,-4324356969,2469384765625,3216,78.8,1034,15,gps,0.7,0.7,1.0,-4.0,,,,99,
2019-05-13T22:37:23.000Z,-2291718407,-4324326926,2.35384E+15,3216,78.1,1077,13,gps,0.7,0.8,1.0,-4.0,,,,99,
2019-05-13T22:37:26.000Z,-2291714236,-4324294875,2.34406E+15,3216,83.4,1067,9,gps,0.8,0.8,1.2,-4.0,,,,99,
2019-05-13T22:37:28.000Z,-2291709509,-4324277027,2.19501E+15,3216,78.5,10.0,12,gps,0.8,0.8,1.1,-4.0,,,,99,
2019-05-13T22:37:31.000Z,-2291707691,-4324243997,2.14566E+15,4288,81.9,1095,12,gps,0.8,0.8,1.1,-4.0,,,,99,
2019-05-13T22:37:34.000Z,-2291700504,-432421371,2.14704E+15,4288,82.6,1037,10,gps,0.8,0.8,1.1,-4.0,,,,99,
2019-05-13T22:37:37.000Z,-2291693779,-4324180503,2.12668E+15,4288,77.5,1203,13,gps,0.8,0.8,1.1,-4.0,,,,99,
2019-05-13T22:37:40.000Z,-2291686829,-4324145749,203709716796875,3216,77.7,1266,13,gps,0.8,0.8,1.1,-4.0,,,,99,
2019-05-13T22:37:43.000Z,-2291679728,-4324109136,22195556640625,3216,77.9,1241,13,gps,0.7,0.8,1.0,-4.0,,,,99,
2019-05-13T22:37:46.000Z,-2291674668,-4324073635,18807861328125,3216,79.3,1172,14,gps,0.7,0.8,1.0,-4.0,,,,99,
2019-05-13T22:37:49.000Z,-2291672444,-4324041508,2.11558E+15,4288,88.9,1052,11,gps,,,,-4.0,,,,99,
2019-05-13T22:37:52.000Z,-2291672118,-4324012914,217635498046875,6432,87.2,8.2,15,gps,0.6,0.7,0.9,-4.0,,,,99,
2019-05-13T22:37:53.804Z,-229166114,-432401108,1.21E+16,22521,,,0,network,,,,,,,,99,
2019-05-13T22:37:57.000Z,-2291666624,-4323981932,1.58797E+15,536,80.3,567,13,gps,0.8,0.8,1.1,-4.0,,,,99,
2019-05-13T22:38:00.000Z,-2291664459,-4323968768,1.70761E+15,4288,74.5,415,14,gps,0.7,0.8,1.0,-4.0,,,,99,
2019-05-13T22:38:03.000Z,-2291659218,-4323953807,1.89793E+15,4288,75.3,662,10,gps,0.7,0.8,1.0,-4.0,,,,99,
2019-05-13T22:38:06.000Z,-2291653589,-432393137,1.74273E+15,3216,75.5,845,15,gps,0.6,0.8,1.0,-4.0,,,,99,
2019-05-13T22:38:09.000Z,-2291646759,-432390459,190045166015625,3216,77.2,1029,14,gps,0.6,0.8,1.0,-4.0,,,,99,
2019-05-13T22:38:12.000Z,-2291640799,-4323872226,1.53986E+15,3216,78.7,1206,12,gps,0.8,0.8,1.1,-4.0,,,,99,
2019-05-13T22:38:15.000Z,-2291635451,-4323837514,147396240234375,4288,78.1,1253,8,gps,0.9,0.8,1.2,-4.0,,,,99,
2019-05-13T22:38:18.000Z,-2291626107,-4323802324,14139404296875,6432,74.2,1226,11,gps,0.9,0.8,1.2,-4.0,,,,99,
2019-05-13T22:38:21.000Z,-2291619876,-4323766887,1.40676E+15,536,78.7,1247,12,gps,0.8,0.8,1.1,-4.0,,,,99,
2019-05-13T22:38:24.000Z,-2291614839,-4323731101,14039794921875,4288,78.0,1152,12,gps,0.8,0.8,1.1,-4.0,,,,99,
2019-05-13T22:38:27.000Z,-2291609113,-4323703964,1.68267E+15,6432,73.8,857,12,gps,0.8,0.8,1.2,-4.0,,,,99,
2019-05-13T22:38:30.000Z,-2291608633,-4323699054,1.09625E+16,536,77.3,168,15,gps,0.6,0.8,1.0,-4.0,,,,99,
2019-05-13T22:38:33.000Z,-2291604456,-4323697612,134029541015625,7504,,0.0,14,gps,0.6,0.7,1.0,-4.0,,,,99,
2019-05-13T22:38:14.845Z,-229163467,-432383611,,24408,,,0,network,,,,,,,,99,
2019-05-13T22:38:38.000Z,-229160156,-4323694359,1.42818E+15,7504,81.8,183,11,gps,0.7,0.7,1.0,-4.0,,,,99,
2019-05-13T22:38:41.000Z,-229160086,-4323685383,165869140625,6432,82.8,384,13,gps,0.7,0.7,1.0,-4.0,,,,99,
2019-05-13T22:38:44.000Z,-2291599852,-4323667456,1.39981E+15,536,77.7,6.4,12,gps,0.7,0.7,1.0,-4.0,,,,99,
2019-05-13T22:38:47.000Z,-2291596041,-4323645572,1.13772E+16,4288,75.8,794,12,gps,0.7,0.7,1.0,-4.0,,,,99,
2019-05-13T22:38:50.000Z,-2291593968,-4323619718,94703369140625,3216,77.7,881,14,gps,0.6,0.7,1.0,-4.0,,,,99,
2019-05-13T22:38:53.000Z,-2291589841,-4323596182,99859619140625,4288,80.1,717,13,gps,0.7,0.7,1.0,-4.0,,,,99,
2019-05-13T22:38:56.000Z,-2291580258,-4323580235,8994384765625,536,74.6,398,15,gps,0.7,0.7,1.0,-4.0,,,,99,
2019-05-13T22:38:59.000Z,-2291580138,-4323577129,1.04518E+15,536,72.4,89,14,gps,0.8,0.7,1.1,-4.0,,,,99,
2019-05-13T22:39:02.000Z,-229158143,-4323575069,8.84616E+15,536,58.3,58,11,gps,0.7,0.8,1.1,-4.0,,,,99,
2019-05-13T22:39:05.000Z,-2291579996,-4323575534,8.99631E+15,536,,0.0,14,gps,0.7,0.8,1.1,-4.0,,,,99,
2019-05-13T22:39:08.000Z,-2291580059,-4323575488,7.5419E+15,4288,,0.0,12,gps,0.8,0.8,1.1,-4.0,,,,99,
2019-05-13T22:39:10.000Z,-229158043,-4323575717,7.69217E+15,4288,,0.0,12,gps,0.8,0.8,1.1,-4.0,,,,99,
2019-05-13T22:39:13.000Z,-2291581314,-4323575212,673358154296875,3216,,0.0,11,gps,0.8,0.8,1.1,-4.0,,,,99,
2019-05-13T22:39:16.000Z,-2291581869,-4323575103,6.56931E+15,3216,,0.0,11,gps,0.8,0.8,1.1,-4.0,,,,99,
2019-05-13T22:39:17.838Z,-229156853,-432357547,,33909,,,0,network,,,,,,,,99,
2019-05-13T22:39:21.000Z,-229158194,-4323575119,6.53867E+15,3216,,0.0,12,gps,0.8,0.8,1.1,-4.0,,,,99,
2019-05-13T22:39:24.000Z,-2291581939,-4323575117,654486083984375,3216,,0.0,11,gps,0.8,0.8,1.1,-4.0,,,,99,
2019-05-13T22:39:27.000Z,-2291581137,-4323573022,9.47098E+15,3216,81.4,101,14,gps,0.7,0.8,1.1,-4.0,,,,99,
2019-05-13T22:39:30.000Z,-2291580199,-4323572669,134444580078125,3216,,0.0,13,gps,0.7,0.8,1.1,-4.0,,,,99,
2019-05-13T22:39:33.000Z,-2291579588,-4323573079,133673095703125,3216,,0.0,15,gps,0.7,0.7,1.0,-4.0,,,,99,
2019-05-13T22:39:36.000Z,-2291579719,-4323573236,15627685546875,3216,,0.0,13,gps,0.7,0.8,1.1,-4.0,,,,99,
2019-05-13T22:39:37.862Z,-229158773,-432358066,,2034,,,0,network,,,,,,,,99,
2019-05-13T22:39:41.000Z,-2291580258,-4323573387,16199951171875,4288,,0.0,12,gps,0.7,0.8,1.0,-4.0,,,,99,
2019-05-13T22:39:44.000Z,-2291580278,-4323573436,1.61269E+15,4288,,0.0,14,gps,0.7,0.8,1.0,-4.0,,,,99,
2019-05-13T22:39:47.000Z,-2291580279,-4323573443,1.60905E+15,4288,,0.0,12,gps,0.7,0.8,1.0,-4.0,,,,99,
2019-05-13T22:39:50.000Z,-2291580261,-4323573419,1.59929E+15,536,,0.0,12,gps,0.7,0.8,1.0,-4.0,,,,99,
2019-05-13T22:39:53.000Z,-2291583125,-4323568887,1.4215E+15,536,121.8,241,14,gps,0.7,0.8,1.0,-4.0,,,,99,
2019-05-13T22:39:56.000Z,-2291582936,-4323560635,1803125,4288,82.3,408,15,gps,0.6,0.8,1.0,-4.0,,,,99,
2019-05-13T22:39:59.000Z,-2291576732,-4323546681,212513427734375,4288,77.4,593,16,gps,0.6,0.7,1.0,-4.0,,,,99,
2019-05-13T22:40:02.000Z,-2291574406,-4323524154,208409423828125,4288,81.2,729,15,gps,0.6,0.7,0.9,-4.0,,,,99,
2019-05-13T22:40:05.000Z,-2291568362,-4323500307,2.19665E+15,3216,71.7,829,15,gps,0.6,0.7,0.9,-4.0,,,,98,
2019-05-13T22:40:08.000Z,-2291557678,-432347478,1828564453125,3216,62.3,897,17,gps,0.6,0.7,0.9,-4.0,,,,98,
2019-05-13T22:40:11.000Z,-2291544593,-4323450813,14494384765625,3216,50.4,941,15,gps,,,,-4.0,,,,98,
2019-05-13T22:40:14.000Z,-2291525204,-4323430138,1.58484E+15,3216,40.6,984,18,gps,0.6,0.7,0.9,-4.0,,,,98,
2019-05-13T22:40:17.000Z,-22915025,-4323412148,1.60894E+15,4288,39.7,1007,12,gps,0.7,0.7,1.0,-4.0,,,,98,
2019-05-13T22:40:20.000Z,-2291482415,-4323394628,1.44731E+15,3216,41.7,887,12,gps,0.7,0.8,1.0,-4.0,,,,98,
2019-05-13T22:40:23.000Z,-2291472336,-4323386366,1.66442E+15,536,37.3,355,11,gps,0.8,,,-4.0,,,,98,
2019-05-13T22:40:26.000Z,-2291471685,-4323385314,163292236328125,536,,0.0,10,gps,0.9,0.8,1.2,-4.0,,,,98,
2019-05-13T22:40:29.000Z,-2291472283,-432338602,1.57281E+15,6432,,0.0,11,gps,0.9,0.8,1.2,-4.0,,,,98,
2019-05-13T22:40:31.000Z,-2291469427,-4323382703,15275146484375,6432,34.7,222,12,gps,0.9,0.8,1.2,-4.0,,,,98,
2019-05-13T22:40:34.000Z,-2291463173,-4323373958,1.4489E+15,536,46.0,404,13,gps,0.8,0.8,1.1,-4.0,,,,98,
2019-05-13T22:40:37.000Z,-2291454944,-4323368514,1.581E+15,4288,50.0,322,13,gps,0.8,0.8,1.1,-4.0,,,,98,
2019-05-13T22:40:40.000Z,-2291446749,-4323363414,1.33502E+15,536,43.4,284,13,gps,0.7,0.8,1.0,-4.0,,,,98,
2019-05-13T22:40:43.000Z,-229144147,-4323361882,1.41994E+15,536,38.7,112,9,gps,0.7,0.8,1.1,-4.0,,,,98,
2019-05-13T22:40:46.000Z,-2291437671,-4323357883,1.14083E+15,4288,61.9,301,13,gps,0.7,0.8,1.0,-4.0,,,,98,
2019-05-13T22:40:49.000Z,-2291437028,-4323349122,108084716796875,536,100.1,311,12,gps,0.8,0.8,1.2,-4.0,,,,98,
2019-05-13T22:40:52.000Z,-229144926,-432333586,107872314453125,536,137.1,503,9,gps,0.8,0.8,1.2,-4.0,,,,98,
2019-05-13T22:40:55.000Z,-2291459698,-4323324431,1.08708E+15,536,135.3,484,12,gps,0.7,0.8,1.1,-4.0,,,,98,
2019-05-13T22:40:58.000Z,-2291471368,-4323317196,967864990234375,7504,145.8,505,11,gps,0.7,0.8,1.1,-4.0,,,,98,
2019-05-13T22:41:01.000Z,-2291486745,-4323300945,636138916015625,9648001,144.6,655,10,gps,0.7,0.8,1.1,-4.0,,,,98,
2019-05-13T22:41:04.000Z,-2291500245,-4323279877,518780517578125,6432,139.1,699,10,gps,0.7,0.8,1.1,-4.0,,,,98,
2019-05-13T22:41:07.000Z,-2291514409,-4323264792,7.3989E+15,7504,132.8,662,12,gps,0.8,0.8,1.1,-4.0,,,,98,
2019-05-13T22:41:10.000Z,-2291527713,-4323254372,6.62521E+15,6432,125.6,496,11,gps,0.8,0.8,1.2,-4.0,,,,98,
2019-05-13T22:41:13.000Z,-2291532971,-4323247855,4.71603E+15,7504,144.4,148,9,gps,0.9,0.8,1.2,-4.0,,,,98,
2019-05-13T22:41:16.000Z,-229153236,-4323246516,478631591796875,7504,,0.0,10,gps,0.9,0.8,1.2,-4.0,,,,98,
2019-05-13T22:41:19.000Z,-2291533336,-4323246378,506195068359375,7504,,0.0,11,gps,0.9,0.8,1.2,-4.0,,,,98,
2019-05-13T22:41:22.000Z,-2291534618,-4323246629,7.58768E+15,6432,,0.0,9,gps,0.8,0.8,1.2,-4.0,,,,98,
2019-05-13T22:41:25.000Z,-2291536724,-4323245841,8.62967E+15,6432,133.4,96,11,gps,0.8,0.8,1.2,-4.0,,,,98,
2019-05-13T22:41:28.000Z,-2291541398,-4323238128,1.1586E+15,536,127.4,296,11,gps,0.8,0.8,1.2,-4.0,,,,98,
2019-05-13T22:41:31.000Z,-2291549904,-4323223634,125528564453125,6432,130.7,5.6,12,gps,,,,-4.0,,,,98,
2019-05-13T22:41:34.000Z,-2291560806,-4323209528,1.42016E+15,6432,126.1,636,12,gps,0.7,0.8,1.1,-4.0,,,,98,
2019-05-13T22:41:36.000Z,-2291566441,-4323197899,171632080078125,536,118.4,638,14,gps,0.7,0.8,1.0,-4.0,,,,98,
2019-05-13T22:41:39.000Z,-229157667,-4323178439,1.63652E+15,6432,124.4,822,12,gps,0.8,0.8,1.1,-4.0,,,,98,
2019-05-13T22:41:42.000Z,-2291594233,-4323157934,18385498046875,11792,128.3,896,12,gps,0.8,0.8,1.2,-4.0,,,,98,
2019-05-13T22:41:44.000Z,-2291596887,-4323140043,1.81409E+15,15008,114.0,975,13,gps,0.8,0.8,1.1,-4.0,,,,98,
2019-05-13T22:41:45.819Z,-22915834,-432310374,2.42E+16,20719,,,0,network,,,,,,,,98,
2019-05-13T22:41:49.000Z,-2291603546,-4323084465,188958740234375,7504,107.9,1004,14,gps,0.7,0.8,1.0,-4.0,,,,98,
2019-05-13T22:41:52.000Z,-2291607531,-4323053343,1.81232E+15,536,104.9,1063,14,gps,0.7,0.8,1.0,-4.0,,,,98,
2019-05-13T22:41:55.000Z,-2291614518,-4323020718,1662646484375,536,107.1,1136,15,gps,0.7,0.7,1.0,-4.0,,,,98,
2019-05-13T22:41:58.000Z,-2291622182,-4322988466,179876708984375,6432,104.4,1075,15,gps,0.7,0.7,1.0,-4.0,,,,98,
2019-05-13T22:42:01.000Z,-2291628034,-4322965373,1644970703125,4288,101.3,743,15,gps,0.6,0.7,0.9,-4.0,,,,98,
2019-05-13T22:42:04.000Z,-2291621137,-4322951314,1.74124E+15,4288,48.8,528,15,gps,0.6,0.7,0.9,-4.0,,,,98,
2019-05-13T22:42:07.000Z,-2291601382,-4322938153,1.35632E+15,4288,37.0,787,17,gps,0.5,0.7,0.9,-4.0,,,,98,
2019-05-13T22:42:09.000Z,-2291587395,-4322928256,1423046875,3216,36.5,902,17,gps,0.5,0.7,0.9,-4.0,,,,98,
2019-05-13T22:42:12.000Z,-2291565438,-4322911225,914697265625,3216,43.1,927,14,gps,0.6,0.7,0.9,-4.0,,,,98,
2019-05-13T22:42:15.000Z,-2291543357,-4322893502,8.12442E+15,3216,37.5,1002,14,gps,0.7,0.7,1.0,-4.0,,,,98,
2019-05-13T22:42:18.000Z,-2291518168,-4322875435,65384521484375,3216,32.8,1072,13,gps,0.7,0.8,1.0,-4.0,,,,98,
2019-05-13T22:42:21.000Z,-2291495698,-4322858886,6.72116E+15,3216,31.8,975,14,gps,0.7,0.8,1.0,-4.0,,,,98,
2019-05-13T22:42:24.000Z,-2291475315,-4322839409,4680908203125,3216,48.4,1016,13,gps,0.7,0.8,1.0,-4.0,,,,98,
2019-05-13T22:42:27.000Z,-2291455086,-4322819257,-905792236328125,3216,41.2,1009,13,gps,0.7,0.8,1.0,-4.0,,,,98,
2019-05-13T22:42:28.681Z,-229142519,-432281586,,3003,,,0,network,,,,,,,,98,
2019-05-13T22:42:32.000Z,-2291417897,-4322784844,22257080078125,4288,38.7,1087,13,gps,0.7,0.8,1.1,-4.0,,,,98,
2019-05-13T22:42:35.000Z,-2291393607,-4322765307,93341064453125,3216,36.6,1139,14,gps,0.7,0.8,1.1,-4.0,,,,98,
2019-05-13T22:42:37.000Z,-2291375383,-4322753681,6543212890625,4288,35.4,1182,12,gps,0.7,0.8,1.1,-4.0,,,,98,
2019-05-13T22:42:40.000Z,-2291349656,-4322732121,692950439453125,3216,37.1,1183,13,gps,0.7,0.8,1.1,-4.0,,,,98,
2019-05-13T22:42:43.000Z,-2291323816,-432271129,525860595703125,4288,36.5,1154,14,gps,0.7,,,-4.0,,,,98,
2019-05-13T22:42:46.000Z,-2291301967,-432269054,319879150390625,536,43.9,912,15,gps,0.7,0.8,1.0,-4.0,,,,98,
2019-05-13T22:42:49.000Z,-2291284959,-4322676378,53839111328125,4288,35.2,703,10,gps,0.8,0.8,1.1,-4.0,,,,98,
2019-05-13T22:42:50.660Z,-229127714,-432265411,,21673,,,0,network,,,,,,,,98,
2019-05-13T22:42:54.000Z,-2291271616,-4322663055,62877197265625,3216,,0.0,14,gps,0.7,0.8,1.1,-4.0,,,,98,
2019-05-13T22:42:57.000Z,-2291270998,-4322663732,4987060546875,4288,,0.0,11,gps,1.0,0.8,1.3,-4.0,,,,98,
2019-05-13T22:43:00.000Z,-2291270163,-4322663216,24981689453125,4288,,0.0,11,gps,1.1,0.8,1.3,-4.0,,,,98,
2019-05-13T22:43:02.000Z,-2291269662,-432266356,1.73209E+15,3216,,0.0,10,gps,1.1,0.8,1.3,-4.0,,,,98,
2019-05-13T22:43:05.000Z,-2291269381,-4322663809,677337646484375,4288,,0.0,11,gps,1.1,0.8,1.3,-4.0,,,,98,
2019-05-13T22:43:07.000Z,-2291269429,-4322663801,91558837890625,4288,,0.0,11,gps,1.1,0.8,1.3,-4.0,,,,98,
2019-05-13T22:43:10.000Z,-2291269443,-4322663786,934326171875,4288,,0.0,11,gps,1.1,0.8,1.3,-4.0,,,,98,
2019-05-13T22:43:11.900Z,-229127288,-43226586,8.8E+15,19619,,,0,network,,,,,,,,98,
2019-05-13T22:43:15.000Z,-2291269498,-4322663737,3.74954E+15,4288,,0.0,11,gps,1.1,0.8,1.3,-4.0,,,,98,
2019-05-13T22:43:18.000Z,-22912695,-4322663746,1.9678E+15,4288,,0.0,11,gps,1.1,0.8,1.3,-4.0,,,,98,
2019-05-13T22:43:21.000Z,-2291269512,-4322663738,1.56302E+15,4288,,0.0,11,gps,1.1,0.8,1.3,-4.0,,,,98,
2019-05-13T22:43:24.000Z,-2291269511,-4322663737,133575439453125,4288,,0.0,11,gps,1.1,0.8,1.3,-4.0,,,,98,
2019-05-13T22:43:27.000Z,-2291269525,-4322663771,125494384765625,4288,,0.0,12,gps,1.0,0.8,1.2,-4.0,,,,98,
2019-05-13T22:43:30.000Z,-2291269539,-4322663766,1.20309E+15,4288,,0.0,12,gps,1.0,0.8,1.2,-4.0,,,,98,
2019-05-13T22:43:33.000Z,-229126957,-4322663782,1.19858E+15,4288,,0.0,10,gps,1.1,0.8,1.3,-4.0,,,,98,
2019-05-13T22:43:36.000Z,-2291269625,-4322663735,308331298828125,3216,,0.0,12,gps,1.0,,,-4.0,,,,98,
2019-05-13T22:43:39.000Z,-2291269629,-4322663726,195391845703125,3216,,0.0,11,gps,1.0,0.8,1.3,-4.0,,,,98,
2019-05-13T22:43:42.000Z,-2291269625,-4322663708,1.63388E+15,4288,,0.0,12,gps,1.0,0.8,1.3,-4.0,,,,98,
2019-05-13T22:43:44.000Z,-2291269657,-4322663699,15714111328125,4288,,0.0,11,gps,1.0,0.8,1.3,-4.0,,,,98,
2019-05-13T22:43:47.000Z,-229126969,-4322663732,1.51785E+15,4288,,0.0,13,gps,0.9,0.8,1.2,-4.0,,,,98,
2019-05-13T22:43:49.000Z,-2291269699,-4322663825,16673583984375,4288,,0.0,11,gps,0.9,0.8,1.2,-4.0,,,,98,
2019-05-13T22:43:52.000Z,-2291269727,-4322663794,1.52744E+15,4288,,0.0,13,gps,0.9,0.8,1.2,-4.0,,,,98,
2019-05-13T22:43:53.998Z,-229126845,-432265934,6.6E+15,20141,,,0,network,,,,,,,,98,
2019-05-13T22:43:57.000Z,-2291269731,-432266375,2.29752E+15,3216,,0.0,10,gps,1.1,0.8,1.3,-4.0,,,,98,
2019-05-13T22:44:00.000Z,-2291269743,-432266374,173065185546875,3216,,0.0,11,gps,1.1,0.8,1.3,-4.0,,,,98,
2019-05-13T22:44:03.000Z,-229126975,-432266374,162310791015625,3216,,0.0,10,gps,1.1,0.8,1.3,-4.0,,,,98,
2019-05-13T22:44:06.000Z,-2291267648,-4322661566,9500732421875,3216,40.3,222,11,gps,1.1,0.8,1.3,-4.0,,,,98,
2019-05-13T22:44:09.000Z,-2291258725,-4322654953,23763427734375,4288,34.2,419,11,gps,1.1,0.8,1.3,-4.0,,,,98,
2019-05-13T22:44:12.000Z,-229124753,-4322642986,2051025390625,3216,39.5,623,13,gps,0.7,0.7,1.0,-4.0,,,,98,
2019-05-13T22:44:15.000Z,-2291234977,-4322627561,693145751953125,3216,53.8,7.8,15,gps,,,,-4.0,,,,98,
2019-05-13T22:44:17.000Z,-2291227218,-4322613101,-511016845703125,3216,61.3,833,16,gps,0.6,0.7,0.9,-4.0,,,,98,
2019-05-13T22:44:20.000Z,-2291214273,-4322592291,-196270751953125,4288,58.1,933,15,gps,0.6,0.7,1.0,-4.0,,,,98,
2019-05-13T22:44:23.000Z,-2291201095,-4322566637,-3.51016E+15,536,53.1,1019,13,gps,0.7,0.7,1.0,-4.0,,,,98,
2019-05-13T22:44:25.000Z,-2291191229,-4322552051,-1.29593E+15,6432,51.7,1046,14,gps,0.7,0.7,1.0,-4.0,,,,98,
2019-05-13T22:44:28.000Z,-2291172137,-4322525831,-852874755859375,6432,51.3,1113,10,gps,0.7,0.8,1.0,-4.0,,,,98,
2019-05-13T22:44:31.000Z,-2291154,-4322496793,-119140625,6432,53.8,1175,15,gps,0.7,0.7,1.0,-4.0,,,,98,
2019-05-13T22:44:34.000Z,-2291137563,-4322464676,-46221923828125,6432,62.1,1212,14,gps,0.8,0.7,1.1,-4.0,,,,98,
2019-05-13T22:44:35.819Z,-229111784,-432243728,4.8E+15,25175,,,0,network,,,,,,,,98,
2019-05-13T22:44:39.000Z,-2291112629,-4322415031,5.17477E+15,536,64.8,1164,12,gps,0.7,0.8,1.0,-4.0,,,,98,
2019-05-13T22:44:42.000Z,-229110151,-4322382015,63043212890625,536,74.4,1186,15,gps,0.7,0.8,1.0,-4.0,,,,98,
2019-05-13T22:44:45.000Z,-2291087149,-4322353138,560321044921875,4288,51.4,1069,14,gps,0.7,0.8,1.0,-4.0,,,,98,
2019-05-13T22:44:48.000Z,-2291071552,-4322326024,7.89047E+15,3216,73.2,11.5,15,gps,0.6,0.7,1.0,-4.0,,,,98,
2019-05-13T22:44:51.000Z,-2291067526,-4322292078,858319091796875,3216,82.1,10.9,16,gps,0.6,0.7,1.0,-4.0,,,,98,
2019-05-13T22:44:54.000Z,-2291064007,-4322262137,92705078125,3216,84.0,989,17,gps,0.6,0.7,0.9,-4.0,,,,98,
2019-05-13T22:44:57.000Z,-2291066198,-4322236885,8.19333E+15,4288,98.6,745,16,gps,0.6,0.7,1.0,-4.0,,,,98,
2019-05-13T22:45:00.000Z,-2291060784,-4322216821,811480712890625,3216,82.7,673,17,gps,0.6,0.7,0.9,-4.0,,,,98,
2019-05-13T22:45:03.000Z,-2291060629,-432219769,718182373046875,4288,95.6,594,15,gps,0.6,,,-4.0,,,,98,
2019-05-13T22:45:06.000Z,-2291061717,-4322182988,821588134765625,3216,81.4,3.3,17,gps,0.6,0.7,0.9,-4.0,,,,98,
2019-05-13T22:45:09.000Z,-229106171,-4322179737,8.23062E+15,3216,,0.0,15,gps,0.6,0.7,0.9,-4.0,,,,98,
2019-05-13T22:45:12.000Z,-2291061605,-4322179887,9.18777E+15,3216,,0.0,16,gps,0.6,0.7,0.9,-4.0,,,,98,
2019-05-13T22:45:14.000Z,-2291061853,-4322180802,938623046875,3216,,0.0,16,gps,0.6,0.7,1.0,-4.0,,,,98,
2019-05-13T22:45:17.000Z,-2291061808,-4322181128,9.36655E+15,3216,,0.0,14,gps,0.7,0.8,1.1,-4.0,,,,98,
2019-05-13T22:45:19.000Z,-2291061945,-4322179824,905291748046875,3216,68.8,85,14,gps,0.7,0.7,1.0,-4.0,,,,98,
2019-05-13T22:45:22.000Z,-2291059519,-4322174367,606103515625,3216,66.3,223,17,gps,0.6,0.7,0.9,-4.0,,,,98,
2019-05-13T22:45:25.000Z,-2291056398,-4322164867,56591796875,3216,68.2,391,16,gps,0.6,0.7,1.0,-4.0,,,,98,
2019-05-13T22:45:28.000Z,-2291050937,-4322151845,58868408203125,3216,62.9,525,16,gps,0.6,0.7,0.9,-4.0,,,,98,
2019-05-13T22:45:31.000Z,-2291044748,-4322137668,544482421875,3216,69.3,566,15,gps,0.6,0.7,1.0,-4.0,,,,98,
2019-05-13T22:45:34.000Z,-2291037962,-4322120548,6.92899E+15,3216,71.3,659,14,gps,0.6,0.7,1.0,-4.0,,,,98,
2019-05-13T22:45:37.000Z,-2291034007,-4322100551,5.94101E+15,3216,82.2,736,13,gps,0.6,0.7,1.0,-4.0,,,,98,
2019-05-13T22:45:40.000Z,-2291032746,-4322077358,487298583984375,3216,88.5,841,16,gps,0.6,0.7,1.0,-4.0,,,,98,
2019-05-13T22:45:43.000Z,-2291032393,-4322051406,5.31747E+15,3216,90.7,916,17,gps,0.6,0.7,0.9,-4.0,,,,98,
2019-05-13T22:45:45.000Z,-2291031959,-4322036105,6.4017E+15,4288,92.9,889,18,gps,0.6,0.7,0.9,-4.0,,,,98,
2019-05-13T22:45:48.000Z,-2291032083,-4322009879,7.4017E+15,4288,93.2,911,15,gps,0.6,0.7,0.9,-4.0,,,,98,
2019-05-13T22:45:51.000Z,-2291034195,-4321983261,7695068359375,4288,98.6,993,15,gps,0.6,0.7,0.9,-4.0,,,,98,
2019-05-13T22:45:54.000Z,-2291041487,-4321955109,5.75253E+15,536,102.6,974,17,gps,0.6,0.7,0.9,-4.0,,,,98,
2019-05-13T22:45:57.000Z,-2291048403,-4321926402,6.74173E+15,4288,107.8,1074,16,gps,0.7,0.7,1.0,-4.0,,,,98,
2019-05-13T22:46:00.000Z,-2291057985,-4321894426,507666015625,4288,109.7,1193,16,gps,0.6,0.7,1.0,-4.0,,,,98,
2019-05-13T22:46:01.866Z,-229107887,-432186401,7.4E+15,21038,,,0,network,,,,,,,,98,
2019-05-13T22:46:05.000Z,-2291075115,-4321842318,4.44644E+15,4288,107.9,1093,16,gps,0.6,0.7,1.0,-4.0,,,,98,
2019-05-13T22:46:08.000Z,-2291083885,-432181282,675543212890625,6432,110.2,1108,13,gps,0.7,0.8,1.0,-4.0,,,,97,
2019-05-13T22:46:11.000Z,-2291093454,-4321781139,7.64737E+15,7504,110.6,11.1,14,gps,0.7,0.8,1.1,-4.0,,,,97,
2019-05-13T22:46:14.000Z,-2291103318,-4321748722,5.76987E+15,6432,109.5,1121,9,gps,0.8,0.8,1.2,-4.0,,,,97,
2019-05-13T22:46:17.000Z,-2291112262,-4321717195,951092529296875,536,110.9,1103,14,gps,0.7,0.8,1.0,-4.0,,,,97,
2019-05-13T22:46:19.000Z,-2291118936,-4321698462,1.02275E+16,536,109.9,1157,13,gps,0.7,0.7,1.0,-4.0,,,,97,
2019-05-13T22:46:22.000Z,-2291129717,-4321663818,8.52585E+15,6432,109.7,1228,16,gps,0.6,0.7,1.0,-4.0,,,,97,
2019-05-13T22:46:23.834Z,-229114432,-432161425,,2444,,,0,network,,,,,,,,97,
2019-05-13T22:46:27.000Z,-2291149395,-4321608866,7.46829E+15,536,110.7,1222,16,gps,0.6,0.7,1.0,-4.0,,,,97,
2019-05-13T22:46:30.000Z,-2291160833,-4321572925,8.07468E+15,536,111.0,1183,13,gps,,,,-4.0,,,,97,
2019-05-13T22:46:33.000Z,-2291170026,-4321542388,9.77432E+15,6432,108.2,1084,15,gps,0.6,0.8,1.0,-4.0,,,,97,
2019-05-13T22:46:36.000Z,-2291176842,-4321514205,3623779296875,536,93.5,10.0,16,gps,0.7,0.8,1.0,-4.0,,,,97,
2019-05-13T22:46:39.000Z,-2291171186,-4321485757,4100830078125,4288,68.6,1001,13,gps,0.7,0.8,1.0,-4.0,,,,97,
2019-05-13T22:46:42.000Z,-2291156599,-4321458585,2.22897E+15,3216,59.1,1061,14,gps,0.6,0.7,0.9,-4.0,,,,97,
2019-05-13T22:46:45.000Z,-2291140352,-4321432365,1.50406E+15,3216,59.9,1097,16,gps,0.6,0.7,0.9,-4.0,,,,97,
2019-05-13T22:46:48.000Z,-2291124159,-4321406122,2.36856E+15,536,58.3,1014,13,gps,0.7,0.7,1.0,-4.0,,,,97,
2019-05-13T22:46:51.000Z,-2291111756,-4321375144,2.21805E+15,4288,66.9,1156,14,gps,0.7,0.8,1.0,-4.0,,,,97,
2019-05-13T22:46:54.000Z,-2291102598,-4321343485,5.267E+15,3216,80.8,1135,15,gps,0.7,0.8,1.0,-4.0,,,,97,
2019-05-13T22:46:57.000Z,-2291097273,-4321309926,59022216796875,3216,83.3,1156,17,gps,0.6,0.7,1.0,-4.0,,,,97,
2019-05-13T22:47:00.000Z,-2291096518,-4321275671,41429443359375,3216,83.2,1171,16,gps,0.6,0.7,0.9,-4.0,,,,97,
2019-05-13T22:47:03.000Z,-2291092137,-43212415,674798583984375,3216,82.1,1193,17,gps,0.6,0.7,0.9,-4.0,,,,97,
2019-05-13T22:47:06.000Z,-229109008,-432120638,591693115234375,3216,87.4,1193,17,gps,0.6,0.7,0.9,-4.0,,,,97,
2019-05-13T22:47:09.000Z,-2291092758,-4321169524,148035888671875,3216,95.9,1232,16,gps,0.6,0.7,0.9,-4.0,,,,97,
2019-05-13T22:47:12.000Z,-2291097442,-4321135381,9.70206E+15,3216,100.1,1263,15,gps,0.6,0.7,1.0,-4.0,,,,97,
2019-05-13T22:47:15.000Z,-2291103615,-4321100015,853509521484375,3216,101.2,1211,16,gps,0.6,0.7,0.9,-4.0,,,,97,
2019-05-13T22:47:17.000Z,-2291107665,-432107803,7.06894E+15,3216,101.1,1186,17,gps,0.6,0.7,0.9,-4.0,,,,97,
2019-05-13T22:47:20.000Z,-2291116176,-4321044791,63922119140625,4288,101.1,1171,13,gps,0.6,0.7,1.0,-4.0,,,,97,
2019-05-13T22:47:23.000Z,-2291122756,-4321012261,7.50906E+15,536,100.2,1221,17,gps,0.6,0.7,0.9,-4.0,,,,97,
2019-05-13T22:47:26.000Z,-229112631,-4320972947,5.957E+15,536,95.3,1247,16,gps,0.6,0.7,0.9,-4.0,,,,97,
2019-05-13T22:47:29.000Z,-2291127428,-4320936239,186959228515625,4288,86.9,1282,16,gps,0.6,0.7,0.9,-4.0,,,,97,
2019-05-13T22:47:32.000Z,-2291122572,-4320898315,1.33365E+15,3216,79.1,1305,19,gps,0.6,0.7,0.9,-4.0,,,,97,
2019-05-13T22:47:35.000Z,-2291112653,-4320859951,11035400390625,4288,72.7,1325,18,gps,0.7,0.7,1.0,-4.0,,,,97,
2019-05-13T22:47:38.000Z,-2291101169,-4320823477,8.04294E+15,3216,71.8,1318,15,gps,0.7,0.7,1.0,-4.0,,,,97,
2019-05-13T22:47:41.000Z,-2291088599,-4320786995,889306640625,3216,71.6,1366,13,gps,0.8,0.8,1.1,-4.0,,,,97,
2019-05-13T22:47:44.000Z,-2291076823,-4320747881,6.28799E+15,3216,69.9,1366,13,gps,0.7,0.8,1.0,-4.0,,,,97,
2019-05-13T22:47:47.000Z,-2291064642,-432071146,7.18558E+15,3216,70.7,1293,17,gps,0.6,0.7,0.9,-4.0,,,,97,
2019-05-13T22:47:50.000Z,-2291055065,-4320677428,6.74216E+15,3216,71.9,1213,15,gps,0.6,0.7,0.9,-4.0,,,,97,
2019-05-13T22:47:53.000Z,-2291045949,-4320645877,682330322265625,3216,75.5,1024,17,gps,0.6,0.7,0.9,-4.0,,,,97,
2019-05-13T22:47:56.000Z,-2291043695,-4320620481,6240478515625,3216,80.8,9.0,15,gps,0.6,0.7,1.0,-4.0,,,,97,
2019-05-13T22:47:59.000Z,-2291040479,-432059554,693182373046875,3216,79.1,8.1,17,gps,0.6,0.7,0.9,-4.0,,,,97,
2019-05-13T22:48:02.000Z,-2291035953,-4320582627,5.13571E+15,4288,73.6,244,14,gps,0.6,0.7,0.9,-4.0,,,,97,
2019-05-13T22:48:05.000Z,-2291033847,-4320581113,61724853515625,4288,,0.0,15,gps,0.6,0.7,1.0,-4.0,,,,97,
2019-05-13T22:48:08.000Z,-229103133,-4320580044,4.88004E+15,4288,,0.0,15,gps,0.7,0.7,1.0,-4.0,,,,97,
2019-05-13T22:48:11.000Z,-229103074,-4320578946,480865478515625,536,,0.0,13,gps,0.7,0.7,1.0,-4.0,,,,97,
2019-05-13T22:48:14.000Z,-2291030033,-4320577132,4.31906E+15,4288,70.2,1.2,13,gps,0.7,0.7,1.0,-4.0,,,,97,
2019-05-13T22:48:17.000Z,-2291029241,-4320571907,4.70645E+15,4288,76.7,264,13,gps,0.8,0.8,1.1,-4.0,,,,97,
2019-05-13T22:48:20.000Z,-2291026786,-4320563207,4.35916E+15,536,64.7,375,11,gps,0.8,0.8,1.1,-4.0,,,,97,
2019-05-13T22:48:23.000Z,-2291020999,-4320548877,527154541015625,536,69.9,645,13,gps,0.7,0.7,1.0,-4.0,,,,97,
2019-05-13T22:48:26.000Z,-2291016265,-4320531647,9.28391E+15,4288,69.6,7.1,17,gps,0.6,0.7,0.9,-4.0,,,,97,
2019-05-13T22:48:29.000Z,-2291008387,-4320509749,5.87863E+15,3216,68.5,842,13,gps,0.6,0.8,1.0,-4.0,,,,97,
2019-05-13T22:48:30.775Z,-229103061,-432050827,,29848,,,0,network,,,,,,,,97,
2019-05-13T22:48:34.000Z,-229099297,-4320469925,2.62759E+15,3216,71.5,902,14,gps,0.7,0.7,1.0,-4.0,,,,97,
2019-05-13T22:48:37.000Z,-2290985209,-4320444221,265069580078125,536,74.7,911,13,gps,0.7,0.7,1.0,-4.0,,,,97,
2019-05-13T22:48:39.000Z,-2290976876,-4320431142,375946044921875,7504,61.9,824,13,gps,0.7,0.8,1.1,-4.0,,,,97,
2019-05-13T22:48:42.000Z,-229096591,-4320406766,4.87527E+15,6432,54.7,872,11,gps,0.7,0.8,1.0,-4.0,,,,97,
2019-05-13T22:48:45.000Z,-2290954961,-432037542,6.11368E+15,7504,69.9,1062,13,gps,0.7,0.8,1.0,-4.0,,,,97,
2019-05-13T22:48:48.000Z,-2290945689,-4320345621,37655029296875,7504,71.7,1132,12,gps,0.7,0.8,1.0,-4.0,,,,97,
2019-05-13T22:48:51.000Z,-2290934013,-4320314078,406689453125,7504,69.2,1139,10,gps,1.2,0.8,1.5,-4.0,,,,97,
2019-05-13T22:48:54.000Z,-2290926067,-4320281886,5.21542E+15,9648001,75.0,1128,9,gps,1.4,0.8,1.6,-4.0,,,,97,
2019-05-13T22:48:57.000Z,-229091927,-4320248928,2.04288E+15,4288,72.0,1088,9,gps,0.9,0.8,1.1,-4.0,,,,97,
2019-05-13T22:49:00.000Z,-2290908731,-4320218616,3251953125,4288,70.3,1078,13,gps,0.7,0.8,1.0,-4.0,,,,97,
2019-05-13T22:49:03.000Z,-2290898717,-4320187446,-58563232421875,4288,70.8,11.1,13,gps,0.7,0.8,1.0,-4.0,,,,97,
2019-05-13T22:49:06.000Z,-2290887523,-432015674,-1470947265625,4288,70.4,11.2,13,gps,0.7,0.8,1.0,-4.0,,,,97,
2019-05-13T22:49:08.000Z,-2290881218,-4320135893,1.34604E+15,4288,70.8,1128,11,gps,0.7,0.8,1.1,-4.0,,,,96,
2019-05-13T22:49:11.000Z,-2290871482,-4320107799,2.92203E+15,4288,69.7,1021,13,gps,0.8,0.8,1.1,-4.0,,,,96,
2019-05-13T22:49:14.000Z,-2290862929,-432008434,78408203125,3216,75.3,748,13,gps,0.6,0.7,1.0,-4.0,,,,96,
2019-05-13T22:49:17.000Z,-2290861706,-432006639,91956787109375,3216,97.6,629,16,gps,0.6,0.7,1.0,-4.0,,,,96,
2019-05-13T22:49:20.000Z,-2290871501,-4320052497,97686767578125,536,144.0,664,15,gps,0.6,0.7,1.0,-4.0,,,,96,
2019-05-13T22:49:23.000Z,-2290893231,-4320038797,685882568359375,536,169.6,751,15,gps,0.6,0.7,0.9,-4.0,,,,96,
2019-05-13T22:49:26.000Z,-2290915722,-4320033531,64451904296875,536,162.7,862,15,gps,0.6,0.7,0.9,-4.0,,,,96,
2019-05-13T22:49:29.000Z,-2290935388,-4320026213,61656494140625,4288,156.9,671,17,gps,0.6,0.7,0.9,-4.0,,,,96,
2019-05-13T22:49:32.000Z,-2290950999,-4320019994,6.39938E+15,3216,155.6,526,14,gps,0.7,0.7,1.0,-4.0,,,,96,
2019-05-13T22:49:35.000Z,-2290959783,-4320016155,7.99918E+15,536,158.7,352,16,gps,0.6,0.7,0.9,-4.0,,,,96,
2019-05-13T22:49:38.000Z,-2290962691,-4320016118,7.40787E+15,6432,,0.0,16,gps,0.6,0.7,1.0,-4.0,,,,96,
2019-05-13T22:49:41.000Z,-2290963249,-4320016514,69718017578125,7504,,0.0,13,gps,0.7,0.8,1.0,-4.0,,,,96,
2019-05-13T22:49:44.000Z,-2290969741,-4320013469,5.90555E+15,4288,161.4,312,14,gps,0.7,0.7,1.0,-4.0,,,,96,
2019-05-13T22:49:46.000Z,-2290977057,-4320009391,4.91336E+15,3216,162.7,427,15,gps,0.7,0.7,1.0,-4.0,,,,96,
2019-05-13T22:49:49.000Z,-2290991355,-4320005154,3.79434E+15,3216,165.4,647,12,gps,0.7,0.8,1.0,-4.0,,,,96,
2019-05-13T22:49:50.312Z,-229102102,-432002022,1.3E+16,24339,,,0,network,,,,,,,,96,
2019-05-13T22:49:54.000Z,-2291021376,-4319996901,4.40891E+15,3216,160.4,773,13,gps,0.7,0.8,1.0,-4.0,,,,96,
2019-05-13T22:49:57.000Z,-2291040505,-4319988073,601824951171875,3216,156.4,776,13,gps,0.7,0.8,1.0,-4.0,,,,96,
2019-05-13T22:50:00.000Z,-2291060695,-4319981035,847271728515625,3216,162.6,826,13,gps,0.7,0.8,1.0,-4.0,,,,96,
2019-05-13T22:50:03.000Z,-2291083045,-4319974583,74793701171875,3216,159.5,829,12,gps,0.7,0.8,1.0,-4.0,,,,96,
2019-05-13T22:50:06.000Z,-2291105475,-4319966358,5893310546875,3216,160.2,799,13,gps,0.7,0.7,1.0,-4.0,,,,96,
2019-05-13T22:50:09.000Z,-2291125779,-4319959932,3.64713E+15,3216,162.2,761,14,gps,0.7,0.7,1.0,-4.0,,,,96,
2019-05-13T22:49:50.312Z,-229102102,-432002022,1.3E+16,24339,,,0,network,,,,,,,,96,
2019-05-13T22:50:14.000Z,-2291140898,-4319953475,1.8577E+15,4288,,0.0,12,gps,0.7,0.8,1.1,-4.0,,,,96,
2019-05-13T22:50:17.000Z,-2291141326,-4319953467,99383544921875,4288,,0.0,12,gps,0.8,0.8,1.1,-4.0,,,,96,
2019-05-13T22:50:20.000Z,-2291143715,-4319952838,1.11069E+15,3216,164.7,106,11,gps,0.8,0.8,1.1,-4.0,,,,96,
2019-05-13T22:50:23.000Z,-2291146594,-4319952141,152294921875,3216,157.6,1.8,13,gps,0.8,0.8,1.1,-4.0,,,,96,
2019-05-13T22:50:26.000Z,-2291152522,-4319950455,790374755859375,3216,158.5,323,10,gps,0.8,0.8,1.1,-4.0,,,,96,
2019-05-13T22:50:29.000Z,-2291162724,-4319947106,12125244140625,3216,161.9,452,13,gps,0.6,0.7,1.0,-4.0,,,,96,
2019-05-13T22:50:31.000Z,-2291172662,-4319945464,-538604736328125,3216,173.9,593,14,gps,0.7,0.8,1.0,-4.0,,,,96,
2019-05-13T22:50:34.000Z,-2291188673,-4319945361,-4.88E+03,3216,179.6,614,12,gps,0.7,0.8,1.0,-4.0,,,,96,
2019-05-13T22:50:37.000Z,-229120563,-4319949225,302630615234375,3216,181.6,654,11,gps,0.7,0.8,1.0,-4.0,,,,96,
2019-05-13T22:50:40.000Z,-2291222664,-4319952595,281732177734375,4288,199.4,593,10,gps,0.7,0.8,1.1,-4.0,,,,96,
2019-05-13T22:50:43.000Z,-2291240042,-4319951089,5.72147E+15,536,179.3,794,14,gps,0.7,0.8,1.0,-4.0,,,,96,
2019-05-13T22:50:46.000Z,-2291264067,-4319947606,365106201171875,4288,181.5,894,13,gps,0.7,0.8,1.1,-4.0,,,,96,
2019-05-13T22:50:49.000Z,-2291289656,-431994753,2.3674E+15,3216,181.5,874,11,gps,0.7,0.8,1.0,-4.0,,,,96,
2019-05-13T22:50:52.000Z,-2291315938,-4319946461,4.31705E+15,3216,178.7,924,15,gps,0.7,0.8,1.0,-4.0,,,,96,
2019-05-13T22:50:55.000Z,-2291339297,-4319947907,4.83078E+15,3216,182.3,894,14,gps,0.7,0.8,1.0,-4.0,,,,96,
2019-05-13T22:50:58.000Z,-2291361931,-4319948479,757025146484375,3216,181.5,775,14,gps,0.7,0.8,1.0,-4.0,,,,96,
2019-05-13T22:51:01.000Z,-2291379679,-4319950743,679998779296875,4288,188.6,557,13,gps,0.7,0.8,1.0,-4.0,,,,96,
2019-05-13T22:51:04.000Z,-2291384865,-431995018,968505859375,3216,182.7,81,13,gps,0.7,0.8,1.0,-4.0,,,,96,
2019-05-13T22:51:07.000Z,-2291385899,-4319949434,8.41287E+15,3216,182.6,38,14,gps,0.8,0.8,1.1,-4.0,,,,96,
2019-05-13T22:51:10.000Z,-2291385767,-4319950126,895941162109375,3216,,0.0,15,gps,0.8,0.8,1.1,-4.0,,,,96,
2019-05-13T22:51:13.000Z,-2291385564,-4319950321,7.45609E+15,4288,,0.0,14,gps,0.8,0.8,1.1,-4.0,,,,96,
2019-05-13T22:51:16.000Z,-2291385368,-4319950825,625201416015625,4288,,0.0,12,gps,0.9,0.9,1.2,-4.0,,,,96,
2019-05-13T22:51:18.000Z,-2291385007,-4319950976,6.84714E+15,4288,,0.0,12,gps,0.9,0.9,1.2,-4.0,,,,96,
2019-05-13T22:51:21.000Z,-2291384873,-4319951055,77286376953125,4288,,0.0,11,gps,0.9,0.9,1.2,-4.0,,,,96,
2019-05-13T22:51:24.000Z,-2291384859,-4319951072,800482177734375,4288,,0.0,12,gps,0.9,0.9,1.2,-4.0,,,,96,
2019-05-13T22:51:27.000Z,-2291387089,-4319951674,753680419921875,3216,180.8,208,10,gps,0.8,0.8,1.1,-4.0,,,,96,
2019-05-13T22:51:30.000Z,-2291395042,-4319951878,819091796875,3216,188.2,316,11,gps,0.8,0.8,1.1,-4.0,,,,96,
2019-05-13T22:51:33.000Z,-2291406928,-4319952425,254559326171875,4288,170.4,456,13,gps,0.7,0.8,1.0,-4.0,,,,96,
2019-05-13T22:51:34.305Z,-229141819,-431994437,3.0,19444,,,0,network,,,,,,,,96,
2019-05-13T22:51:38.000Z,-2291430115,-4319936802,4.63675E+15,4288,121.1,6.5,16,gps,0.6,0.7,1.0,-4.0,,,,96,
2019-05-13T22:51:40.000Z,-2291435332,-4319920081,502691650390625,536,111.3,747,15,gps,0.6,0.7,1.0,-4.0,,,,96,
2019-05-13T22:51:43.000Z,-2291444238,-4319894207,458905029296875,4288,105.9,937,14,gps,0.6,0.7,1.0,-4.0,,,,96,
2019-05-13T22:51:45.000Z,-2291448708,-4319875835,3.57309E+15,4288,104.4,951,13,gps,0.7,0.7,1.0,-4.0,,,,96,
2019-05-13T22:51:47.000Z,-2291452573,-4319857832,291925048828125,4288,100.2,975,14,gps,0.6,0.7,0.9,-4.0,,,,96,
2019-05-13T22:51:50.000Z,-2291453012,-4319832113,75712890625,4288,88.1,967,15,gps,0.6,0.8,1.0,-4.0,,,,96,
2019-05-13T22:51:53.000Z,-2291450692,-4319802101,6.95035E+15,3216,84.8,964,14,gps,0.7,0.8,1.0,-4.0,,,,96,
2019-05-13T22:51:34.730Z,-229141819,-431994437,3.0,19444,,,0,network,,,,,,,,96,
2019-05-13T22:51:58.000Z,-229144619,-4319754516,879852294921875,3216,77.0,998,16,gps,0.7,0.8,1.0,-4.0,,,,96,
2019-05-13T22:52:01.000Z,-2291440379,-4319725612,727911376953125,4288,78.5,951,13,gps,0.7,0.8,1.0,-4.0,,,,96,
2019-05-13T22:52:04.000Z,-229143433,-4319699799,831573486328125,4288,82.4,945,14,gps,0.6,0.8,1.0,-4.0,,,,96,
2019-05-13T22:52:07.000Z,-2291431886,-4319670982,6.45901E+15,3216,80.0,887,15,gps,0.6,0.8,1.0,-4.0,,,,96,
2019-05-13T22:52:10.000Z,-2291427502,-4319652224,40084228515625,3216,82.0,526,15,gps,0.6,0.7,0.9,-4.0,,,,96,
2019-05-13T22:52:13.000Z,-2291427091,-4319647914,2.65634E+15,4288,,0.0,13,gps,0.6,0.8,1.0,-4.0,,,,96,
2019-05-13T22:52:15.000Z,-22914272,-4319648344,2.27206E+15,4288,,0.0,15,gps,0.7,0.8,1.0,-4.0,,,,96,
2019-05-13T22:52:18.000Z,-2291427032,-4319648506,-11285400390625,4288,,0.0,13,gps,0.7,0.8,1.0,-4.0,,,,96,
2019-05-13T22:52:21.000Z,-229142692,-4319648332,14503173828125,4288,,0.0,13,gps,0.7,0.8,1.0,-4.0,,,,96,
2019-05-13T22:52:24.000Z,-2291427263,-4319648276,-373321533203125,4288,,0.0,13,gps,0.7,0.8,1.0,-4.0,,,,96,
2019-05-13T22:52:27.000Z,-2291427662,-4319648093,-107684326171875,4288,,0.0,14,gps,0.6,0.8,1.0,-4.0,,,,96,
2019-05-13T22:52:30.000Z,-2291426931,-431964414,-16239013671875,4288,81.1,217,11,gps,0.7,0.8,1.0,-4.0,,,,96,
2019-05-13T22:52:33.000Z,-2291423633,-4319635795,1.3555E+15,4288,79.9,424,13,gps,0.7,0.8,1.0,-4.0,,,,96,
2019-05-13T22:52:36.000Z,-2291420169,-431961967,39913330078125,3216,81.8,657,13,gps,0.7,0.8,1.1,-4.0,,,,96,
2019-05-13T22:52:38.000Z,-2291419661,-4319606028,2.46799E+15,3216,79.8,677,15,gps,0.7,0.8,1.0,-4.0,,,,96,
2019-05-13T22:52:41.000Z,-2291416267,-4319584201,1934326171875,3216,79.0,747,15,gps,0.6,0.7,0.9,-4.0,,,,96,
2019-05-13T22:52:44.000Z,-2291412727,-4319560805,1.65891E+15,3216,86.0,818,17,gps,0.6,0.7,0.9,-4.0,,,,96,
2019-05-13T22:52:47.000Z,-229141412,-4319537321,2.61948E+15,3216,100.4,814,13,gps,0.7,0.8,1.1,-4.0,,,,96,
2019-05-13T22:52:49.000Z,-2291418224,-4319525536,78701171875,3216,114.9,715,12,gps,0.7,0.8,1.0,-4.0,,,,96,
2019-05-13T22:52:52.000Z,-2291440186,-4319514953,2.16794E+15,3216,158.1,904,14,gps,0.6,0.7,1.0,-4.0,,,,96,
2019-05-13T22:52:55.000Z,-2291465159,-4319504525,-9832763671875,3216,158.9,1015,15,gps,0.6,0.7,0.9,-4.0,,,,96,
2019-05-13T22:52:58.000Z,-2291491649,-4319493569,-17962646484375,3216,159.8,1053,14,gps,0.6,0.7,0.9,-4.0,,,,96,
2019-05-13T22:53:00.117Z,-229150394,-431948568,4.2E+15,23465,,,0,network,,,,,,,,96,
2019-05-13T22:53:03.000Z,-2291533966,-4319476088,2.26498E+15,3216,159.3,1088,16,gps,0.6,0.8,1.0,-4.0,,,,96,
2019-05-13T22:53:06.000Z,-2291562601,-4319466517,-376190185546875,3216,161.6,1095,18,gps,0.6,0.7,0.9,-4.0,,,,96,
2019-05-13T22:53:09.000Z,-2291590647,-4319456754,2.71909E+15,3216,164.2,1075,17,gps,0.6,0.7,0.9,-4.0,,,,96,
2019-05-13T22:53:12.000Z,-2291617908,-4319448729,2.7717E+15,3216,172.3,973,13,gps,0.6,0.8,1.0,-4.0,,,,96,
2019-05-13T22:53:15.000Z,-2291642885,-4319447961,3.17239E+15,3216,177.4,813,14,gps,0.6,0.8,1.0,-4.0,,,,96,
2019-05-13T22:53:18.000Z,-2291650979,-4319446472,440753173828125,3216,178.1,47,15,gps,0.6,0.8,1.0,-4.0,,,,96,
2019-05-13T22:53:21.000Z,-2291651117,-4319448272,3.98593E+15,3216,,0.0,13,gps,0.6,0.8,1.0,-4.0,,,,96,
2019-05-13T22:53:23.043Z,-22916485,-431939633,,21905,,,0,network,,,,,,,,96,
2019-05-13T22:53:26.000Z,-229165107,-4319447041,3.94211E+15,3216,,0.0,14,gps,0.7,0.8,1.0,-4.0,,,,96,
2019-05-13T22:53:29.000Z,-2291653562,-4319446276,4.60434E+15,3216,178.0,1.9,14,gps,0.7,0.8,1.0,-4.0,,,,96,
2019-05-13T22:53:32.000Z,-2291662303,-4319446976,7.18741E+15,3216,176.7,416,13,gps,0.7,0.8,1.0,-4.0,,,,96,
2019-05-13T22:53:34.000Z,-2291671145,-4319445616,6.53928E+15,3216,174.7,574,15,gps,0.6,0.8,1.0,-4.0,,,,96,
2019-05-13T22:53:37.000Z,-2291689197,-4319446054,4096923828125,3216,182.5,728,14,gps,0.6,0.7,0.9,-4.0,,,,96,
2019-05-13T22:53:39.000Z,-2291702884,-4319446048,3.09915E+15,3216,186.6,803,17,gps,0.6,0.7,0.9,-4.0,,,,96,
2019-05-13T22:53:42.000Z,-2291726847,-4319449712,301898193359375,3216,187.1,905,17,gps,0.6,0.7,0.9,-4.0,,,,96,
2019-05-13T22:53:44.091Z,-229176063,-431949294,,23624,,,0,network,,,,,,,,96,
2019-05-13T22:53:47.000Z,-2291770144,-4319455867,6.16483E+15,3216,187.6,959,16,gps,0.5,0.7,0.9,-4.0,,,,96,
2019-05-13T22:53:50.000Z,-2291796562,-4319460152,77166748046875,3216,186.3,1049,15,gps,0.6,0.7,1.0,-4.0,,,,96,
2019-05-13T22:53:53.000Z,-2291825209,-431946317,7.20364E+15,3216,182.4,1066,15,gps,0.6,0.7,1.0,-4.0,,,,96,
2019-05-13T22:53:56.000Z,-2291854179,-4319463878,87498779296875,3216,178.5,1008,15,gps,0.6,0.7,0.9,-4.0,,,,96,
2019-05-13T22:53:59.000Z,-2291879776,-4319461799,88551025390625,3216,174.5,968,17,gps,0.6,0.7,0.9,-4.0,,,,96,
2019-05-13T22:54:02.000Z,-2291906649,-4319459219,97344970703125,3216,171.8,10.1,14,gps,0.6,0.8,1.0,-4.0,,,,96,
2019-05-13T22:54:05.000Z,-2291934714,-4319452169,122586669921875,3216,166.8,1053,16,gps,0.5,0.7,0.9,-4.0,,,,96,
2019-05-13T22:54:08.000Z,-2291964202,-4319444866,1.11857E+15,3216,164.0,1087,17,gps,0.5,0.7,0.9,-4.0,,,,95,
2019-05-13T22:54:11.000Z,-2291993936,-4319432035,867608642578125,3216,155.9,1194,16,gps,0.6,0.7,0.9,-4.0,,,,95,
2019-05-13T22:54:13.000Z,-2292013336,-4319421723,9.13809E+15,3216,150.0,1267,16,gps,0.6,0.7,0.9,-4.0,,,,95,
2019-05-13T22:54:16.000Z,-2292042004,-4319400199,1.0254E+16,3216,145.6,1318,15,gps,0.6,0.7,0.9,-4.0,,,,95,
2019-05-13T22:54:19.000Z,-229207117,-4319379046,9.38126E+15,6432,146.6,1304,10,gps,0.6,0.7,1.0,-4.0,,,,95,
2019-05-13T22:54:04.867Z,-229194252,-431946549,17.5,19663,,,0,network,,,,,,,,95,
2019-05-13T22:55:58.897Z,-229306474,-431860026,1.27E+16,23505,,,0,network,,,,,,,,95,
2019-05-13T22:56:03.000Z,-2293106194,-4318580148,1.2272E+15,9648001,147.8,1314,8,gps,1.2,0.9,1.5,-4.0,,,,95,
2019-05-13T22:56:06.000Z,-2293132642,-4318558148,1.21901E+15,6432,148.5,13.1,9,gps,1.2,,,-4.0,,,,95,
2019-05-13T22:56:09.000Z,-2293167829,-4318542311,1.12208E+16,4288,153.0,13.6,11,gps,0.8,0.8,1.1,-4.0,,,,95,
2019-05-13T22:56:12.000Z,-2293200243,-4318529442,1.034E+15,3216,158.3,1274,11,gps,0.7,0.8,1.1,-4.0,,,,95,
2019-05-13T22:56:15.000Z,-2293231948,-4318514767,1.24178E+15,3216,157.3,1311,11,gps,0.7,0.8,1.1,-4.0,,,,95,
2019-05-13T22:56:18.000Z,-2293265446,-4318500446,13541748046875,3216,157.8,1208,11,gps,0.7,0.8,1.0,-4.0,,,,95,
2019-05-13T22:56:21.000Z,-2293295052,-4318486309,1.19461E+16,3216,154.1,1216,12,gps,0.6,0.8,1.0,-4.0,,,,95,
2019-05-13T22:56:24.000Z,-2293327117,-4318474993,9.20023E+15,3216,164.5,1255,14,gps,0.6,0.7,0.9,-4.0,,,,95,
2019-05-13T22:56:27.000Z,-2293359906,-4318465993,7.66415E+15,3216,166.2,1249,15,gps,0.6,0.7,0.9,-4.0,,,,95,
2019-05-13T22:56:30.000Z,-2293391518,-4318458098,7.57413E+15,3216,170.2,11.3,13,gps,0.6,0.7,0.9,-4.0,,,,95,
2019-05-13T22:56:32.000Z,-2293413743,-431844972,65037841796875,7504,164.7,1241,11,gps,0.7,,,-4.0,,,,95,
2019-05-13T22:56:35.000Z,-2293451704,-4318440064,471539306640625,536,163.9,1393,12,gps,0.7,0.8,1.0,-4.0,,,,95,
2019-05-13T22:56:38.000Z,-2293488786,-4318431422,3.38486E+15,4288,164.4,1383,11,gps,0.7,0.8,1.1,-4.0,,,,95,
2019-05-13T22:56:41.000Z,-2293525361,-431842157,2.18173E+15,4288,164.3,1309,12,gps,0.7,0.8,1.1,-4.0,,,,95,
2019-05-13T22:56:44.000Z,-2293559542,-4318412448,113201904296875,4288,165.6,1223,11,gps,0.7,0.8,1.1,-4.0,,,,95,
2019-05-13T22:56:47.000Z,-2293588002,-4318403379,709503173828125,6432,164.6,1082,11,gps,0.7,0.8,1.0,-4.0,,,,95,
2019-05-13T22:56:50.000Z,-2293612457,-4318396136,204083251953125,536,167.6,7.9,15,gps,0.7,0.8,1.0,-4.0,,,,95,
2019-05-13T22:56:53.000Z,-2293627031,-43183915,5.79367E+15,3216,167.7,391,13,gps,0.7,0.8,1.1,-4.0,,,,95,
2019-05-13T22:56:56.000Z,-2293628704,-4318392322,5.93515E+15,3216,,0.0,11,gps,0.8,0.9,1.2,-4.0,,,,95,
2019-05-13T22:56:58.000Z,-2293629461,-4318391897,5.74362E+15,4288,,0.0,12,gps,0.8,0.9,1.2,-4.0,,,,95,
2019-05-13T22:57:01.000Z,-2293629315,-4318391356,83262939453125,4288,,0.0,11,gps,0.7,0.8,1.1,-4.0,,,,95,
2019-05-13T22:57:02.615Z,-229361991,-431835794,,2191,,,0,network,,,,,,,,95,
2019-05-13T22:57:06.000Z,-2293632743,-4318391305,869842529296875,4288,171.7,192,12,gps,0.7,0.8,1.1,-4.0,,,,95,
2019-05-13T22:57:08.000Z,-22936379,-4318390616,75968017578125,3216,166.5,332,13,gps,0.7,0.8,1.1,-4.0,,,,95,
2019-05-13T22:57:11.000Z,-229364984,-4318387913,73245849609375,4288,166.4,494,13,gps,0.7,0.8,1.1,-4.0,,,,95,
2019-05-13T22:57:14.000Z,-2293665717,-4318381635,90150146484375,7504,165.2,639,13,gps,0.7,0.8,1.1,-4.0,,,,95,
2019-05-13T22:57:17.000Z,-2293683649,-4318375737,1.05724E+16,7504,165.1,688,12,gps,0.7,0.8,1.1,-4.0,,,,95,
2019-05-13T22:57:20.000Z,-229370474,-431837555,120631103515625,6432,177.2,642,13,gps,0.7,0.8,1.1,-4.0,,,,95,
2019-05-13T22:57:23.000Z,-229372737,-431836712,1.12142E+16,6432,162.5,836,13,gps,0.7,0.8,1.1,-4.0,,,,95,
2019-05-13T22:57:25.000Z,-2293742194,-4318359001,848370361328125,8576,158.1,874,13,gps,0.7,0.8,1.1,-4.0,,,,95,
2019-05-13T22:57:28.000Z,-2293767661,-431835576,83038330078125,6432,167.0,941,11,gps,0.7,0.8,1.1,-4.0,,,,95,
2019-05-13T22:57:31.000Z,-2293794158,-4318348094,7.32651E+15,6432,167.7,953,11,gps,0.7,0.8,1.1,-4.0,,,,95,
2019-05-13T22:57:34.000Z,-2293821333,-4318341479,1.03748E+16,536,165.6,1004,11,gps,0.8,0.8,1.2,-4.0,,,,95,
2019-05-13T22:57:37.000Z,-229384766,-4318337248,1.30882E+15,6432,165.4,1051,9,gps,0.9,0.9,1.3,-4.0,,,,95,
2019-05-13T22:57:39.000Z,-2293867929,-431833094,1.29747E+15,536,164.3,1096,10,gps,0.8,0.8,1.2,-4.0,,,,95,
2019-05-13T22:57:42.000Z,-2293898608,-4318321794,114619140625,536,163.7,11.3,9,gps,0.7,0.8,1.1,-4.0,,,,95,
2019-05-13T22:57:45.000Z,-2293928578,-4318315693,80830078125,6432,168.3,1107,11,gps,0.7,0.8,1.1,-4.0,,,,95,
2019-05-13T22:57:48.000Z,-2293956559,-4318310177,116644287109375,536,161.4,11.3,12,gps,0.7,0.8,1.0,-4.0,,,,95,
2019-05-13T22:57:51.000Z,-2293985174,-4318300345,1.08841E+16,536,164.7,998,11,gps,0.9,0.9,1.3,-4.0,,,,95,
2019-05-13T22:57:54.000Z,-2294011044,-4318295319,12120849609375,536,164.2,902,10,gps,0.9,0.9,1.3,-4.0,,,,95,
2019-05-13T22:57:57.000Z,-2294025281,-4318291239,1.29003E+15,536,166.2,442,12,gps,0.9,0.9,1.3,-4.0,,,,95,
2019-05-13T22:58:00.000Z,-2294029433,-4318291766,1.17379E+15,6432,,0.0,11,gps,0.8,0.8,1.1,-4.0,,,,95,
2019-05-13T22:58:03.000Z,-2294031658,-4318290773,120594482421875,6432,174.0,124,11,gps,0.8,0.8,1.1,-4.0,,,,95,
2019-05-13T22:58:06.000Z,-2294039848,-4318288019,1.10745E+16,7504,167.4,425,11,gps,0.8,0.9,1.2,-4.0,,,,95,
2019-05-13T22:58:07.636Z,-229399443,-431828036,,20684,,,0,network,,,,,,,,94,
2019-05-13T22:58:11.000Z,-2294068811,-4318274997,6.83072E+15,6432,160.7,769,12,gps,0.7,0.8,1.1,-4.0,,,,94,
2019-05-13T22:58:13.000Z,-2294085244,-4318271131,586358642578125,6432,161.0,897,11,gps,0.8,0.8,1.2,-4.0,,,,94,
2019-05-13T22:58:16.000Z,-2294114523,-4318260543,5.272E+15,4288,160.3,1186,13,gps,0.7,0.8,1.1,-4.0,,,,94,
2019-05-13T22:58:07.846Z,-229399443,-431828036,,20684,,,0,network,,,,,,,,94,
2019-05-13T22:58:21.000Z,-2294161985,-4318240463,5931640625,3216,159.0,939,9,gps,0.8,0.9,1.2,-4.0,,,,94,
2019-05-13T22:58:24.000Z,-2294180903,-431823522,3.95456E+15,4288,171.6,749,9,gps,0.9,0.9,1.2,-4.0,,,,94,
2019-05-13T22:58:27.000Z,-2294202535,-4318239453,3.21072E+15,6432,192.1,793,11,gps,0.8,0.9,1.2,-4.0,,,,94,
2019-05-13T22:58:28.450Z,-229422576,-431824944,9.6E+15,19675,,,0,network,,,,,,,,94,
2019-05-13T22:58:32.000Z,-2294233748,-4318268941,52960205078125,1072,225.8,996,12,gps,0.7,0.8,1.1,-4.0,,,,94,
2019-05-13T22:58:34.000Z,-2294250319,-4318286999,3863525390625,7504,224.5,1135,13,gps,0.7,0.8,1.1,-4.0,,,,94,
2019-05-13T22:58:37.000Z,-2294273006,-4318312286,2.72195E+15,4288,219.0,1158,12,gps,0.7,0.8,1.0,-4.0,,,,94,
2019-05-13T22:58:40.000Z,-2294297723,-4318332613,464569091796875,536,219.1,1024,13,gps,0.7,0.8,1.0,-4.0,,,,94,
2019-05-13T22:58:42.000Z,-2294313626,-4318342949,4.43918E+15,536,215.3,1111,14,gps,0.7,0.8,1.1,-4.0,,,,94,
2019-05-13T22:58:45.000Z,-2294333954,-4318356571,6.2034E+15,7504,211.5,793,10,gps,0.8,0.8,1.2,-4.0,,,,94,
2019-05-13T22:58:48.000Z,-229434713,-4318362989,5.80997E+15,8576,215.3,429,12,gps,0.7,0.8,1.1,-4.0,,,,94,
2019-05-13T22:58:51.000Z,-2294348762,-4318364593,5.58755E+15,7504,,0.0,12,gps,0.8,0.9,1.2,-4.0,,,,94,
2019-05-13T22:58:54.000Z,-2294350319,-4318366492,411956787109375,7504,,0.0,10,gps,0.8,0.9,1.2,-4.0,,,,94,
2019-05-13T22:58:57.000Z,-2294349909,-4318368365,4.20078E+15,7504,,0.0,11,gps,0.8,0.9,1.2,-4.0,,,,94,
2019-05-13T22:59:00.000Z,-2294349492,-4318369111,4.35916E+15,7504,,0.0,13,gps,0.7,0.8,1.1,-4.0,,,,94,
2019-05-13T22:59:02.000Z,-22943497,-4318369241,2.96713E+15,8576,,0.0,14,gps,0.7,0.8,1.1,-4.0,,,,94,
2019-05-13T22:59:05.000Z,-2294349736,-4318369208,339849853515625,9648001,,0.0,12,gps,0.7,0.8,1.1,-4.0,,,,94,
2019-05-13T22:59:08.000Z,-2294349743,-4318369215,3.6763E+15,7504,,0.0,12,gps,0.8,0.8,1.1,-4.0,,,,94,
2019-05-13T22:59:11.000Z,-2294349749,-4318369198,372601318359375,8576,,0.0,10,gps,0.9,0.9,1.3,-4.0,,,,94,
2019-05-13T22:59:14.000Z,-2294349763,-4318369178,38192138671875,7504,,0.0,8,gps,0.9,0.9,1.3,-4.0,,,,94,
2019-05-13T22:59:17.000Z,-2294349758,-4318369194,3.82651E+15,9648001,,0.0,10,gps,0.9,0.9,1.3,-4.0,,,,94,
2019-05-13T22:59:20.000Z,-2294349853,-431836784,4.13455E+15,9648001,85.7,59,11,gps,0.8,0.9,1.2,-4.0,,,,94,
2019-05-13T22:59:22.000Z,-2294350708,-4318364401,33446044921875,8576,99.6,36,11,gps,0.8,0.9,1.2,-4.0,,,,94,
2019-05-13T22:59:25.000Z,-2294351594,-4318362539,6166748046875,6432,,0.0,10,gps,0.9,0.9,1.3,-4.0,,,,94,
2019-05-13T22:59:28.000Z,-2294354175,-4318363925,5.39182E+15,7504,208.4,155,10,gps,0.9,0.9,1.3,-4.0,,,,94,
2019-05-13T22:59:31.000Z,-2294361313,-4318366038,7.1597E+15,6432,188.4,324,12,gps,0.7,0.8,1.1,-4.0,,,,94,
2019-05-13T22:59:34.000Z,-2294375158,-4318369567,879180908203125,536,193.5,601,14,gps,0.7,0.8,1.1,-4.0,,,,94,
2019-05-13T22:59:37.000Z,-2294394478,-4318373287,11161376953125,4288,196.1,808,10,gps,0.8,0.8,1.2,-4.0,,,,94,
2019-05-13T22:59:40.000Z,-2294417461,-4318382301,9630126953125,536,197.2,907,10,gps,0.8,0.9,1.2,-4.0,,,,94,
2019-05-13T22:59:41.810Z,-229444332,-431837593,,20179,,,0,network,,,,,,,,94,
2019-05-13T22:59:45.000Z,-229446407,-4318393323,6.80325E+15,536,191.2,953,8,gps,0.9,0.9,1.3,-4.0,,,,94,
2019-05-13T22:59:48.000Z,-2294486489,-4318396343,80252685546875,536,187.3,738,9,gps,0.8,0.9,1.2,-4.0,,,,94,
2019-05-13T22:59:51.000Z,-2294491228,-4318399614,90714111328125,6432,180.9,164,11,gps,0.8,0.8,1.2,-4.0,,,,94,
2019-05-13T22:59:54.000Z,-229449112,-4318403993,6760986328125,536,,0.0,11,gps,0.7,0.8,1.1,-4.0,,,,94,
2019-05-13T22:59:57.000Z,-2294491886,-4318403935,6675048828125,4288,,0.0,11,gps,0.8,0.9,1.2,-4.0,,,,94,
2019-05-13T23:00:00.000Z,-2294499422,-4318406936,6.92697E+15,4288,191.7,325,9,gps,0.9,0.9,1.3,-4.0,,,,94,
2019-05-13T23:00:03.000Z,-2294513991,-4318408524,7.09756E+15,6432,191.4,589,9,gps,0.9,0.9,1.3,-4.0,,,,94,
2019-05-13T23:00:05.000Z,-2294529503,-431841151,6.83755E+15,536,192.5,858,9,gps,0.9,0.9,1.3,-4.0,,,,94,
2019-05-13T23:00:08.000Z,-229455694,-431841156,12791748046875,536,191.2,1048,10,gps,0.7,0.8,1.1,-4.0,,,,94,
2019-05-13T23:00:11.000Z,-2294588202,-4318417581,8247802734375,536,187.2,1176,12,gps,0.7,0.8,1.1,-4.0,,,,94,
2019-05-13T23:00:14.000Z,-229462183,-4318417722,8.66916E+15,4288,181.9,1274,13,gps,0.7,0.8,1.1,-4.0,,,,94,
2019-05-13T23:00:17.000Z,-2294657316,-4318414608,6.65366E+15,3216,171.6,1161,15,gps,0.6,0.8,1.0,-4.0,,,,94,
2019-05-13T23:00:20.000Z,-2294684554,-4318415969,4.81949E+15,3216,181.0,10.5,14,gps,0.7,0.8,1.0,-4.0,,,,94,
2019-05-13T23:00:23.000Z,-2294712289,-4318420205,78712158203125,3216,183.2,1125,13,gps,0.7,0.8,1.1,-4.0,,,,94,
2019-05-13T23:00:24.816Z,-229474124,-431842239,3.2E+15,19301,,,0,network,,,,,,,,94,
2019-05-13T23:00:28.000Z,-2294754049,-4318418426,591070556640625,536,174.1,746,14,gps,0.7,0.8,1.1,-4.0,,,,94,
2019-05-13T23:00:31.000Z,-2294759884,-4318417841,373333740234375,6432,,0.0,12,gps,0.7,0.8,1.1,-4.0,,,,94,
2019-05-13T23:00:34.000Z,-2294760251,-4318418193,381341552734375,536,227.6,102,10,gps,0.8,0.8,1.2,-4.0,,,,94,
2019-05-13T23:00:37.000Z,-2294764391,-4318420396,5.09506E+15,7504,182.7,251,12,gps,0.7,0.8,1.1,-4.0,,,,94,
2019-05-13T23:00:39.000Z,-2294773172,-431841912,5.95718E+15,536,176.8,502,11,gps,0.7,0.8,1.1,-4.0,,,,94,
2019-05-13T23:00:42.000Z,-2294792198,-4318421613,379315185546875,4288,179.9,774,12,gps,0.7,0.8,1.1,-4.0,,,,94,
2019-05-13T23:00:45.000Z,-2294817701,-4318421019,4.58725E+15,4288,183.2,1017,10,gps,0.7,0.8,1.1,-4.0,,,,94,
2019-05-13T23:00:46.792Z,-229484008,-431842389,3.9E+16,20381,,,0,network,,,,,,,,94,
2019-05-13T23:00:50.000Z,-229486005,-4318422218,42728271484375,4288,177.9,756,13,gps,0.7,0.8,1.1,-4.0,,,,94,
2019-05-13T23:00:53.000Z,-2294878267,-4318418641,511663818359375,536,174.1,501,12,gps,0.7,0.8,1.1,-4.0,,,,94,
2019-05-13T23:00:56.000Z,-2294885743,-4318421403,1.33548E+15,6432,169.3,106,12,gps,0.8,0.8,1.2,-4.0,,,,94,
2019-05-13T23:00:59.000Z,-2294885129,-4318419958,3.14731E+15,8576,,0.0,11,gps,0.8,0.8,1.2,-4.0,,,,94,
2019-05-13T23:01:02.000Z,-2294886042,-4318420414,31937255859375,6432,,0.0,10,gps,0.8,0.8,1.2,-4.0,,,,94,
2019-05-13T23:01:05.000Z,-2294887062,-4318419654,3623046875,6432,,0.0,11,gps,0.8,0.9,1.2,-4.0,,,,94,
2019-05-13T23:01:06.850Z,-229488528,-43184285,2.9E+16,20979,,,0,network,,,,,,,,94,
2019-05-13T23:01:10.000Z,-2294887538,-431842002,14449462890625,4288,,0.0,10,gps,0.8,0.8,1.2,-4.0,,,,94,
2019-05-13T23:01:13.000Z,-2294887433,-4318420411,1.42276E+15,536,,0.0,11,gps,0.8,0.8,1.2,-4.0,,,,94,
2019-05-13T23:01:16.000Z,-2294887444,-4318420408,103985595703125,536,,0.0,11,gps,0.8,0.8,1.2,-4.0,,,,94,
2019-05-13T23:01:19.000Z,-2294887476,-4318420421,91741943359375,536,,0.0,10,gps,0.8,0.8,1.2,-4.0,,,,94,
2019-05-13T23:01:22.000Z,-2294887476,-4318420482,89093017578125,6432,,0.0,12,gps,0.8,0.8,1.2,-4.0,,,,94,
2019-05-13T23:01:25.000Z,-2294887483,-4318420618,10145263671875,6432,,0.0,10,gps,0.8,0.8,1.2,-4.0,,,,94,
2019-05-13T23:01:27.000Z,-2294887489,-431842063,1.01004E+15,6432,,0.0,11,gps,0.8,0.8,1.2,-4.0,,,,94,
2019-05-13T23:01:28.880Z,-2294885,-431842918,2.8E+15,20237,,,0,network,,,,,,,,94,
2019-05-13T23:01:32.000Z,-2294887456,-4318420943,2.28592E+15,6432,,0.0,11,gps,0.9,0.9,1.2,-4.0,,,,94,
2019-05-13T23:01:35.000Z,-2294887456,-4318420944,1.94394E+15,7504,,0.0,12,gps,0.7,0.8,1.1,-4.0,,,,94,
2019-05-13T23:01:38.000Z,-229488745,-4318420982,1.79099E+15,7504,,0.0,13,gps,0.7,0.8,1.1,-4.0,,,,94,
2019-05-13T23:01:41.000Z,-2294887445,-4318421019,1.69333E+15,8576,,0.0,12,gps,0.8,0.8,1.2,-4.0,,,,94,
2019-05-13T23:01:44.000Z,-2294887447,-4318421043,159808349609375,8576,,0.0,11,gps,0.8,0.8,1.2,-4.0,,,,94,
2019-05-13T23:01:47.000Z,-2294887463,-4318421047,140740966796875,6432,,0.0,11,gps,0.8,0.8,1.2,-4.0,,,,94,
2019-05-13T23:01:28.880Z,-2294885,-431842918,2.8E+15,20237,,,0,network,,,,,,,,94,
2019-05-13T23:01:52.000Z,-2294899201,-4318419479,-1.76224E+15,536,177.1,314,10,gps,0.8,0.8,1.2,-4.0,,,,94,
2019-05-13T23:01:55.000Z,-2294906979,-4318420499,-27265625,536,180.2,1.3,11,gps,0.8,0.8,1.2,-4.0,,,,94,
2019-05-13T23:01:58.000Z,-2294908621,-4318420412,1.39621E+15,536,145.0,165,13,gps,0.7,0.8,1.0,-4.0,,,,94,
2019-05-13T23:02:01.000Z,-2294916417,-4318421358,26260986328125,4288,186.3,3.6,11,gps,0.7,0.8,1.0,-4.0,,,,94,
2019-05-13T23:02:04.000Z,-2294926058,-4318437046,404254150390625,6432,253.4,5.4,12,gps,0.7,0.8,1.0,-4.0,,,,94,
2019-05-13T23:02:06.000Z,-2294928596,-4318454842,56463623046875,536,264.7,816,9,gps,0.6,0.8,1.0,-4.0,,,,94,
2019-05-13T23:02:09.000Z,-2294928927,-4318481934,-2.10239E+15,536,261.1,805,15,gps,0.6,0.8,1.0,-4.0,,,,93,
2019-05-13T23:02:12.000Z,-229493201,-4318507042,-3.05435E+15,4288,264.9,9.2,12,gps,0.7,0.8,1.1,-4.0,,,,93,
2019-05-13T23:02:15.000Z,-2294935315,-4318536201,-2.15878E+15,4288,263.5,9.0,13,gps,0.7,0.8,1.1,-4.0,,,,93,
2019-05-13T23:02:18.000Z,-229493703,-4318559078,-383013916015625,536,266.0,741,14,gps,0.8,0.8,1.1,-4.0,,,,93,
2019-05-13T23:02:21.000Z,-2294936237,-4318584471,558319091796875,7504,268.0,868,12,gps,0.8,,,-4.0,,,,93,
2019-05-13T23:02:24.000Z,-2294941148,-4318610975,1355224609375,7504,260.9,877,14,gps,0.7,0.8,1.1,-4.0,,,,93,
2019-05-13T23:02:27.000Z,-2294945211,-4318631613,-290924072265625,8576,255.3,651,14,gps,0.7,0.8,1.1,-4.0,,,,93,
2019-05-13T23:02:30.000Z,-2294940875,-4318645578,-1.18021E+15,4288,269.7,504,13,gps,0.7,0.8,1.1,-4.0,,,,93,
2019-05-13T23:02:33.000Z,-2294940861,-4318667905,-221453857421875,536,266.2,7.5,15,gps,0.7,0.8,1.0,-4.0,,,,93,
2019-05-13T23:02:35.000Z,-2294944579,-4318685554,-727996826171875,4288,265.6,811,15,gps,0.7,0.8,1.0,-4.0,,,,93,
2019-05-13T23:02:38.000Z,-2294946395,-4318706019,-182806396484375,4288,264.6,688,14,gps,0.7,0.8,1.0,-4.0,,,,93,
2019-05-13T23:02:41.000Z,-2294950851,-4318714037,-5.02914E+15,536,264.6,99,11,gps,0.8,0.8,1.1,-4.0,,,,93,
2019-05-13T23:02:44.000Z,-2294947484,-43187166,-294073486328125,536,,0.0,13,gps,0.7,0.8,1.1,-4.0,,,,93,
2019-05-13T23:02:47.000Z,-2294946629,-4318715869,-3.82779E+15,4288,,0.0,11,gps,0.8,0.8,1.2,-4.0,,,,93,
2019-05-13T23:02:50.000Z,-2294946734,-4318715606,-3859130859375,536,,0.0,10,gps,0.8,0.9,1.2,-4.0,,,,93,
2019-05-13T23:02:53.000Z,-2294946538,-4318715281,-3.92612E+15,536,,0.0,10,gps,0.8,0.9,1.2,-4.0,,,,93,
2019-05-13T23:02:56.000Z,-2294946507,-4318715284,-282928466796875,4288,,0.0,10,gps,0.8,0.9,1.2,-4.0,,,,93,
2019-05-13T23:02:59.000Z,-2294946492,-4318715283,-1.23349E+15,536,,0.0,11,gps,0.8,0.8,1.1,-4.0,,,,93,
2019-05-13T23:03:02.000Z,-2294946484,-4318715266,-2.43954E+15,536,,0.0,12,gps,0.8,0.8,1.1,-4.0,,,,93,
2019-05-13T23:03:05.000Z,-2294946477,-4318715269,-3.39798E+15,4288,,0.0,11,gps,0.9,0.8,1.2,-4.0,,,,93,
2019-05-13T23:03:08.000Z,-2294946102,-4318717451,-240313720703125,3216,273.3,1.9,10,gps,0.8,0.9,1.2,-4.0,,,,93,
2019-05-13T23:03:11.000Z,-2294945095,-4318728759,-3.06155E+15,3216,272.5,441,11,gps,0.7,0.8,1.1,-4.0,,,,93,
2019-05-13T23:03:14.000Z,-2294944994,-4318744439,-845550537109375,3216,275.0,556,13,gps,0.7,0.8,1.0,-4.0,,,,93,
2019-05-13T23:03:17.000Z,-229494684,-4318762939,12393798828125,3216,265.1,782,15,gps,0.7,0.8,1.0,-4.0,,,,93,
2019-05-13T23:03:20.000Z,-2294949686,-4318789437,-312347412109375,7504,263.2,812,12,gps,0.7,0.8,1.1,-4.0,,,,93,
2019-05-13T23:03:23.000Z,-2294943189,-431880988,-4606201171875,8576,276.2,677,9,gps,0.8,0.8,1.1,-4.0,,,,93,
2019-05-13T23:03:26.000Z,-2294947163,-4318834698,-509002685546875,7504,266.8,838,12,gps,0.8,0.8,1.1,-4.0,,,,93,
2019-05-13T23:03:29.000Z,-2294947989,-4318857707,-5.25766E+15,8576,267.6,823,9,gps,1.0,0.9,1.3,-4.0,,,,93,
2019-05-13T23:03:32.000Z,-2294952026,-4318882487,-45853271484375,6432,264.6,784,13,gps,0.8,0.8,1.1,-4.0,,,,93,
2019-05-13T23:03:35.000Z,-2294955207,-4318906218,-2778564453125,536,258.4,825,10,gps,0.7,0.8,1.1,-4.0,,,,93,
2019-05-13T23:03:38.000Z,-2294963801,-4318932653,-114801025390625,4288,258.8,925,14,gps,0.7,0.8,1.1,-4.0,,,,93,
2019-05-13T23:03:41.000Z,-2294965956,-4318958008,-2.23312E+15,4288,259.1,865,14,gps,0.7,0.8,1.1,-4.0,,,,93,
2019-05-13T23:03:44.000Z,-2294973354,-4318980291,-18819580078125,536,250.0,762,13,gps,0.7,0.8,1.1,-4.0,,,,93,
2019-05-13T23:03:47.000Z,-2294975121,-4318997667,-282489013671875,6432,259.2,576,10,gps,0.9,0.9,1.2,-4.0,,,,93,
2019-05-13T23:03:50.000Z,-2294984095,-4319010405,-375347900390625,7504,241.2,398,10,gps,0.9,,,-4.0,,,,93,
2019-05-13T23:03:53.000Z,-2294984907,-4319028245,-23590087890625,6432,248.5,6.0,11,gps,0.8,0.9,1.2,-4.0,,,,93,
2019-05-13T23:03:35.044Z,-229496756,-431888845,3.4E+16,24769,,,0,network,,,,,,,,93,
2019-05-13T23:03:58.000Z,-2294993829,-431906354,-295623779296875,3216,254.5,601,12,gps,0.8,0.8,1.1,-4.0,,,,93,
2019-05-13T23:04:01.000Z,-2294996554,-4319071995,-13336181640625,536,241.2,2.4,14,gps,0.7,0.8,1.1,-4.0,,,,93,
2019-05-13T23:04:05.000Z,-2294995587,-4319072393,1.88889E+15,536,,0.0,13,gps,0.7,0.8,1.1,-4.0,,,,93,
2019-05-13T23:04:08.000Z,-2294994953,-4319074635,-139190673828125,6432,275.0,133,10,gps,0.8,0.9,1.2,-4.0,,,,93,
2019-05-13T23:04:11.000Z,-2294996905,-43190836,-125701904296875,8576,256.8,335,12,gps,0.7,0.8,1.1,-4.0,,,,93,
2019-05-13T23:04:14.000Z,-2295001755,-4319103193,34405517578125,7504,251.5,6.1,11,gps,,,,-4.0,,,,93,
2019-05-13T23:04:17.000Z,-2295004887,-431911951,295880126953125,9648001,256.7,4.7,13,gps,0.7,0.8,1.1,-4.0,,,,93,
2019-05-13T23:04:19.000Z,-2295009875,-4319140317,44825439453125,9648001,256.7,942,11,gps,0.7,0.8,1.1,-4.0,,,,93,
2019-05-13T23:04:22.000Z,-2295020014,-4319173405,-109759521484375,9648001,253.6,1033,10,gps,0.8,0.8,1.1,-4.0,,,,93,
2019-05-13T23:04:24.000Z,-2295028355,-4319195354,-27708740234375,7504,252.3,1082,11,gps,0.8,0.8,1.1,-4.0,,,,93,
2019-05-13T23:04:27.000Z,-2295039485,-4319231854,-205267333984375,4288,253.1,1226,11,gps,0.8,0.8,1.1,-4.0,,,,93,
2019-05-13T23:04:30.000Z,-2295049347,-4319269134,-2.11063E+15,3216,253.5,1343,11,gps,0.7,0.8,1.1,-4.0,,,,93,
2019-05-13T23:04:33.000Z,-229506051,-4319308336,1.11276E+15,4288,247.5,1377,11,gps,0.7,0.9,1.1,-4.0,,,,93,
2019-05-13T23:04:36.000Z,-2295079006,-4319345088,-3220458984375,4288,236.8,1261,11,gps,0.7,0.9,1.1,-4.0,,,,93,
2019-05-13T23:04:39.000Z,-2295094238,-4319376313,-96319580078125,536,237.8,1208,12,gps,0.7,0.9,1.1,-4.0,,,,93,
2019-05-13T23:04:42.000Z,-2295105304,-4319399532,-25516357421875,536,244.6,782,12,gps,0.7,0.8,1.1,-4.0,,,,93,
2019-05-13T23:04:45.000Z,-2295110291,-4319409451,-125762939453125,536,237.4,314,12,gps,0.7,0.8,1.1,-4.0,,,,93,
2019-05-13T23:04:48.000Z,-2295120033,-4319414534,-720794677734375,8576,204.1,428,12,gps,0.8,0.9,1.2,-4.0,,,,93,
2019-05-13T23:04:51.000Z,-2295148004,-431941058,-3.57376E+15,6432,160.0,892,10,gps,0.7,0.8,1.1,-4.0,,,,93,
2019-05-13T23:04:54.000Z,-2295171644,-4319399937,-2.14536E+15,6432,156.4,1039,13,gps,0.7,0.8,1.1,-4.0,,,,93,
2019-05-13T23:04:57.000Z,-2295200673,-4319389071,-34749755859375,536,160.8,1145,15,gps,0.6,0.8,1.0,-4.0,,,,93,
2019-05-13T23:05:00.000Z,-2295230368,-4319377301,-28284912109375,536,158.8,1156,15,gps,0.6,0.8,1.0,-4.0,,,,93,
2019-05-13T23:05:03.000Z,-22952612,-4319362017,-2.95639E+15,4288,156.0,1297,12,gps,0.6,0.8,1.0,-4.0,,,,93,
2019-05-13T23:05:06.000Z,-2295294455,-4319349743,-329376220703125,4288,161.1,13.0,10,gps,0.7,0.8,1.1,-4.0,,,,93,
2019-05-13T23:05:09.000Z,-2295327542,-4319337931,-5.80753E+15,4288,158.4,1148,11,gps,0.7,0.8,1.1,-4.0,,,,93,
2019-05-13T23:05:12.000Z,-2295351044,-4319332214,-69298095703125,536,165.8,847,11,gps,0.7,0.8,1.1,-4.0,,,,93,
2019-05-13T23:05:15.000Z,-2295370359,-4319326214,-7.96634E+15,4288,160.9,603,15,gps,0.6,0.8,1.0,-4.0,,,,93,
2019-05-13T23:05:18.000Z,-2295380267,-4319322834,-1.09577E+16,4288,161.3,327,11,gps,0.7,0.8,1.1,-4.0,,,,93,
2019-05-13T23:05:21.000Z,-2295383925,-4319320752,-1306298828125,4288,167.0,108,10,gps,0.7,0.8,1.1,-4.0,,,,93,
2019-05-13T23:05:24.000Z,-2295386727,-4319318958,-1.43297E+15,4288,161.6,1.2,10,gps,0.8,0.9,1.2,-4.0,,,,93,
2019-05-13T23:05:27.000Z,-229539407,-4319316703,-1.49421E+15,4288,159.7,368,11,gps,0.7,0.8,1.1,-4.0,,,,93,
2019-05-13T23:05:30.000Z,-2295408627,-4319310306,-1.62546E+15,4288,163.9,606,13,gps,0.7,0.8,1.1,-4.0,,,,93,
2019-05-13T23:05:33.000Z,-2295427616,-4319304081,-17537353515625,536,159.9,722,13,gps,0.7,0.8,1.1,-4.0,,,,93,
2019-05-13T23:05:36.000Z,-2295445142,-4319298429,-1.22595E+15,7504,166.3,624,13,gps,0.6,0.8,1.0,-4.0,,,,93,
2019-05-13T23:05:39.000Z,-2295466275,-4319295197,-134664306640625,8576,164.0,773,14,gps,0.6,0.8,1.0,-4.0,,,,93,
2019-05-13T23:05:41.000Z,-2295482218,-4319287916,-1.17783E+15,7504,160.3,899,13,gps,0.6,0.8,1.0,-4.0,,,,93,
2019-05-13T23:05:44.000Z,-2295502183,-4319277934,-129815673828125,8576,159.8,805,9,gps,0.8,0.9,1.2,-4.0,,,,93,
2019-05-13T23:05:47.000Z,-2295519668,-431926296,-1178759765625,8576,154.6,716,12,gps,0.7,0.8,1.1,-4.0,,,,93,
2019-05-13T23:05:49.000Z,-2295528354,-4319256401,-9.70877E+15,8576,155.8,699,12,gps,0.7,0.8,1.1,-4.0,,,,93,
2019-05-13T23:05:52.000Z,-2295543732,-4319250584,-7.7048E+15,1072,150.3,554,12,gps,0.7,0.8,1.1,-4.0,,,,93,
2019-05-13T23:05:54.000Z,-2295551881,-4319255673,-996112060546875,12864,212.3,3.5,12,gps,0.7,0.8,1.1,-4.0,,,,93,
2019-05-13T23:05:57.000Z,-2295565076,-4319247774,-244683837890625,8576,151.5,461,14,gps,0.7,0.8,1.1,-4.0,,,,93,
2019-05-13T23:06:00.000Z,-2295576104,-4319241039,-772064208984375,6432,154.4,372,13,gps,0.7,0.8,1.1,-4.0,,,,93,
2019-05-13T23:06:03.000Z,-2295587226,-4319234434,-8.57578E+15,536,159.2,486,14,gps,0.7,0.8,1.1,-4.0,,,,92,
2019-05-13T23:06:06.000Z,-2295598505,-4319230922,-7405029296875,8576,173.4,367,13,gps,0.7,0.8,1.1,-4.0,,,,92,
2019-05-13T23:06:09.000Z,-2295604874,-4319229603,-6.21597E+15,9648001,171.6,167,15,gps,0.6,0.8,1.0,-4.0,,,,92,
2019-05-13T23:06:12.000Z,-2295606204,-431922633,-70875244140625,7504,170.3,58,14,gps,0.7,0.8,1.1,-4.0,,,,92,
2019-05-13T23:06:14.000Z,-229560537,-4319223881,-77249755859375,536,,0.0,14,gps,0.6,0.8,1.0,-4.0,,,,92,
2019-05-13T23:06:17.000Z,-2295604624,-4319222482,-7823974609375,4288,,0.0,13,gps,0.6,0.8,1.0,-4.0,,,,92,
2019-05-13T23:06:20.000Z,-2295605221,-4319221408,-5.54019E+15,4288,170.5,68,13,gps,0.6,0.8,1.0,-4.0,,,,92,
2019-05-13T23:06:23.000Z,-2295605438,-4319220203,-661865234375,4288,156.2,31,13,gps,0.6,0.8,1.0,-4.0,,,,92,
2019-05-13T23:06:26.000Z,-2295606837,-431921983,-634197998046875,536,155.9,115,13,gps,0.6,0.8,1.0,-4.0,,,,92,
2019-05-13T23:06:29.000Z,-2295606488,-4319219172,-62222900390625,3216,,0.0,13,gps,0.6,0.8,1.0,-4.0,,,,92,
2019-05-13T23:06:32.000Z,-2295605301,-4319218476,-6.08487E+15,4288,,0.0,13,gps,0.6,0.8,1.0,-4.0,,,,92,
2019-05-13T23:06:14.011Z,-229560029,-431921284,,22002,,,0,network,,,,,,,,92,
2019-05-13T23:06:37.000Z,-2295603969,-4319218191,-54739990234375,4288,,0.0,10,gps,0.7,0.8,1.1,-4.0,,,,92,
2019-05-13T23:06:40.000Z,-2295603405,-4319218307,-4.77957E+15,4288,,0.0,10,gps,0.7,0.8,1.1,-4.0,,,,92,
2019-05-13T23:06:43.000Z,-2295603278,-4319218222,-41829833984375,4288,,0.0,13,gps,0.7,0.8,1.1,-4.0,,,,92,
2019-05-13T23:06:46.000Z,-2295603253,-4319218088,-3.88614E+15,536,,0.0,13,gps,0.7,0.8,1.1,-4.0,,,,92,
2019-05-13T23:06:49.000Z,-2295603234,-4319218023,-375115966796875,536,,0.0,14,gps,0.7,0.8,1.1,-4.0,,,,92,
2019-05-13T23:06:52.000Z,-2295603211,-4319217972,-36243896484375,536,,0.0,13,gps,0.7,0.8,1.1,-4.0,,,,92,
2019-05-13T23:06:55.000Z,-2295603193,-4319217909,-3.46176E+15,536,,0.0,13,gps,0.7,0.8,1.1,-4.0,,,,92,
2019-05-13T23:06:58.000Z,-2295603195,-4319217898,1842041015625,6432,,0.0,13,gps,0.7,0.8,1.1,-4.0,,,,92,
2019-05-13T23:07:01.000Z,-2295603162,-431921786,370574951171875,6432,,0.0,10,gps,0.7,0.8,1.1,-4.0,,,,92,
2019-05-13T23:07:04.000Z,-2295603126,-4319217834,-643707275390625,6432,,0.0,13,gps,0.7,,,-4.0,,,,92,
2019-05-13T23:07:07.000Z,-2295603105,-4319217782,-1195556640625,7504,,0.0,10,gps,0.8,0.9,1.2,-4.0,,,,92,
2019-05-13T23:07:10.000Z,-2295603085,-4319217721,-15067138671875,7504,,0.0,10,gps,0.7,0.9,1.1,-4.0,,,,92,
2019-05-13T23:07:13.000Z,-2295603064,-4319217656,-1.53427E+15,8576,,0.0,11,gps,0.8,0.9,1.2,-4.0,,,,92,
2019-05-13T23:07:16.000Z,-2295604803,-4319217664,-1241455078125,7504,176.0,165,12,gps,0.7,0.8,1.1,-4.0,,,,92,
2019-05-13T23:07:19.000Z,-2295612453,-4319214671,276300048828125,6432,160.5,479,12,gps,0.7,0.8,1.1,-4.0,,,,92,
2019-05-13T23:07:22.000Z,-2295628582,-4319208008,2861572265625,4288,159.8,6.7,13,gps,0.7,0.8,1.1,-4.0,,,,92,
2019-05-13T23:07:25.000Z,-2295645358,-4319200088,3.25223E+15,4288,158.4,706,12,gps,0.7,0.8,1.1,-4.0,,,,92,
2019-05-13T23:07:28.000Z,-2295661178,-4319195109,5.22208E+15,4288,164.2,6.1,15,gps,0.6,0.8,1.0,-4.0,,,,92,
2019-05-13T23:07:31.000Z,-2295682214,-4319188976,4.98257E+15,4288,165.4,741,14,gps,0.6,0.8,1.0,-4.0,,,,92,
2019-05-13T23:07:34.000Z,-229569884,-4319179967,5.54868E+15,4288,160.1,447,14,gps,0.6,0.8,1.0,-4.0,,,,92,
2019-05-13T23:07:37.000Z,-2295699672,-4319177038,7.67636E+15,4288,,0.0,10,gps,0.7,0.8,1.1,-4.0,,,,92,
2019-05-13T23:07:40.000Z,-2295700431,-4319175573,9.66525E+15,4288,,0.0,12,gps,0.8,0.8,1.1,-4.0,,,,92,
2019-05-13T23:07:43.000Z,-229570612,-4319178091,86566162109375,536,163.5,224,9,gps,0.8,0.8,1.2,-4.0,,,,92,
2019-05-13T23:07:46.000Z,-2295714674,-4319176044,7947509765625,4288,158.3,441,12,gps,0.7,0.8,1.1,-4.0,,,,92,
2019-05-13T23:07:49.000Z,-2295730249,-4319169305,89176025390625,6432,152.4,6.5,13,gps,0.6,0.8,1.0,-4.0,,,,92,
2019-05-13T23:07:52.000Z,-2295750411,-4319159977,6.32205E+15,536,160.4,919,14,gps,0.6,0.8,1.0,-4.0,,,,92,
2019-05-13T23:07:55.000Z,-2295781532,-4319142943,52979736328125,4288,155.3,1136,14,gps,0.7,0.8,1.1,-4.0,,,,92,
2019-05-13T23:07:37.049Z,-229570011,-431918549,1.47E+16,21332,,,0,network,,,,,,,,92,
2019-05-13T23:08:00.000Z,-2295834465,-4319136758,330865478515625,3216,165.7,1181,13,gps,0.7,0.8,1.1,-4.0,,,,92,
2019-05-13T23:08:03.000Z,-2295860903,-4319128984,21727294921875,3216,162.1,769,14,gps,0.6,0.8,1.0,-4.0,,,,92,
2019-05-13T23:08:06.000Z,-2295870632,-4319127242,-183074951171875,3216,,0.0,12,gps,0.7,0.8,1.1,-4.0,,,,92,
2019-05-13T23:08:09.000Z,-2295871407,-4319127963,2178955078125,3216,161.3,157,14,gps,0.7,0.8,1.1,-4.0,,,,92,
2019-05-13T23:08:12.000Z,-2295879937,-4319124109,1.25943E+15,3216,160.5,448,14,gps,0.7,0.8,1.1,-4.0,,,,92,
2019-05-13T23:08:15.000Z,-2295894511,-4319118406,-48858642578125,3216,160.5,692,13,gps,0.6,0.8,1.0,-4.0,,,,92,
2019-05-13T23:08:18.000Z,-2295914897,-4319110129,2568359375,3216,159.0,881,14,gps,0.6,0.8,1.0,-4.0,,,,92,
2019-05-13T23:08:21.000Z,-229593902,-4319101485,-869720458984375,4288,160.3,1028,14,gps,0.7,0.8,1.1,-4.0,,,,92,
2019-05-13T23:08:23.000Z,-2295957752,-4319092665,-745819091796875,4288,157.9,1128,12,gps,0.7,0.8,1.1,-4.0,,,,92,
2019-05-13T23:08:26.000Z,-2295987472,-4319081818,-2.31015E+15,4288,158.6,1232,13,gps,0.8,0.9,1.2,-4.0,,,,92,
2019-05-13T23:08:29.000Z,-2296018957,-4319070453,-967254638671875,3216,166.1,1263,15,gps,0.7,0.8,1.1,-4.0,,,,92,
2019-05-13T23:08:32.000Z,-2296051379,-4319070081,2.95834E+15,3216,190.4,1215,15,gps,0.7,0.8,1.1,-4.0,,,,92,
2019-05-13T23:08:35.000Z,-2296083979,-4319081373,49815673828125,3216,200.1,1217,12,gps,0.7,0.8,1.1,-4.0,,,,92,
2019-05-13T23:08:38.000Z,-2296116096,-4319092384,6.72672E+15,3216,196.9,1242,13,gps,0.7,0.8,1.1,-4.0,,,,92,
2019-05-13T23:08:39.997Z,-229613818,-431909992,1.88E+16,19778,,,0,network,,,,,,,,92,
2019-05-13T23:08:43.000Z,-2296170622,-4319106553,1.04889E+16,6432,190.0,1258,9,gps,0.9,0.9,1.2,-4.0,,,,92,
2019-05-13T23:08:59.000Z,-2296359977,-4319144914,7.28629E+15,17152,183.5,1166,0,gps,0.9,0.9,1.2,-4.0,,,,92,
2019-05-13T23:09:02.000Z,-2296383914,-4319135743,8.09213E+15,9648001,158.5,1102,11,gps,0.8,0.9,1.2,-4.0,,,,92,
2019-05-13T23:09:05.000Z,-229640795,-431911136,9.02316E+15,1072,139.6,1295,11,gps,0.7,0.8,1.1,-4.0,,,,92,
2019-05-13T23:09:08.000Z,-2296416367,-431907246,1.08035E+15,4288,121.7,1299,11,gps,0.8,0.8,1.1,-4.0,,,,92,
2019-05-13T23:09:11.000Z,-2296440477,-431904316,1.02062E+16,3216,127.0,1293,13,gps,0.7,0.8,1.0,-4.0,,,,91,
2019-05-13T23:09:14.000Z,-2296462156,-4319014977,1.00134E+15,4288,125.9,1172,11,gps,0.7,0.8,1.1,-4.0,,,,91,
2019-05-13T23:09:17.000Z,-2296471057,-431899341,1.14786E+15,6432,118.3,852,9,gps,0.8,0.9,1.2,-4.0,,,,91,
2019-05-13T23:09:20.000Z,-2296469108,-4318991862,1.39571E+15,7504,111.7,107,10,gps,0.7,0.9,1.1,-4.0,,,,91,
2019-05-13T23:09:23.000Z,-2296468204,-4318989744,1.51801E+15,7504,72.7,198,11,gps,0.8,0.8,1.1,-4.0,,,,91,
2019-05-13T23:09:26.000Z,-2296469673,-431898407,138685302734375,8576,100.4,313,11,gps,0.8,0.8,1.1,-4.0,,,,91,
2019-05-13T23:09:29.000Z,-2296474645,-4318973658,16731201171875,7504,117.5,368,12,gps,0.7,0.8,1.1,-4.0,,,,91,
2019-05-13T23:09:31.028Z,-229648752,-431897378,,19055,,,0,network,,,,,,,,91,
2019-05-13T23:09:34.000Z,-2296493243,-4318954337,1.91036E+15,7504,131.5,389,12,gps,0.7,0.8,1.0,-4.0,,,,91,
2019-05-13T23:09:37.000Z,-2296503297,-4318938628,1.94285E+15,8576,123.4,616,11,gps,0.7,0.8,1.1,-4.0,,,,91,
2019-05-13T23:09:40.000Z,-2296514834,-4318917126,187774658203125,9648001,121.3,825,11,gps,0.7,0.8,1.1,-4.0,,,,91,
2019-05-13T23:09:43.000Z,-229653584,-4318891524,1.78906E+15,6432,128.4,1109,11,gps,0.7,0.8,1.1,-4.0,,,,91,
2019-05-13T23:09:46.000Z,-2296547749,-4318865677,1.65945E+15,6432,123.1,1012,10,gps,0.7,0.9,1.1,-4.0,,,,91,
2019-05-13T23:09:49.000Z,-2296561692,-4318843131,1551513671875,6432,128.3,952,10,gps,0.7,0.8,1.1,-4.0,,,,91,
2019-05-13T23:09:31.029Z,-229648752,-431897378,,19055,,,0,network,,,,,,,,91,
2019-05-13T23:09:54.000Z,-2296593301,-4318799002,180299072265625,536,131.0,1046,9,gps,0.9,0.9,1.3,-4.0,,,,91,
2019-05-13T23:09:56.000Z,-2296603457,-4318782872,151865234375,536,120.9,903,10,gps,0.8,0.9,1.2,-4.0,,,,91,
2019-05-13T23:09:59.000Z,-2296616513,-4318757993,1.30452E+15,8576,119.1,922,10,gps,0.9,0.9,1.2,-4.0,,,,91,
2019-05-13T23:10:02.000Z,-2296626735,-4318741456,13197265625,1072,129.7,686,7,gps,1.1,0.9,1.4,-4.0,,,,91,
2019-05-13T23:10:05.000Z,-2296637221,-431872951,1087353515625,9648001,118.2,524,8,gps,0.9,0.9,1.3,-4.0,,,,91,
2019-05-13T23:10:08.000Z,-2296640291,-4318726491,1.03862E+16,9648001,62.4,109,10,gps,0.7,0.8,1.1,-4.0,,,,91,
2019-05-13T23:10:11.000Z,-2296639672,-4318722141,1.02496E+15,9648001,51.6,47,10,gps,0.7,0.9,1.1,-4.0,,,,91,
2019-05-13T23:10:14.000Z,-2296639936,-4318722985,110008544921875,13936001,,0.0,11,gps,0.7,0.9,1.1,-4.0,,,,91,
2019-05-13T23:10:17.000Z,-2296640611,-4318713424,1.18128E+16,11792,120.9,245,11,gps,0.7,0.9,1.1,-4.0,,,,91,
2019-05-13T23:10:20.000Z,-229664098,-4318709508,1.16235E+15,11792,138.3,267,11,gps,0.7,0.8,1.1,-4.0,,,,91,
2019-05-13T23:10:22.000Z,-2296645201,-4318709747,1.08837E+15,13936001,152.1,356,11,gps,0.7,0.8,1.1,-4.0,,,,91,
2019-05-13T23:10:25.000Z,-2296655544,-4318696788,120189208984375,11792,127.8,535,10,gps,0.7,0.9,1.1,-4.0,,,,91,
2019-05-13T23:10:28.000Z,-2296661806,-4318679199,1.06565E+16,12864,110.9,584,10,gps,0.7,0.9,1.1,-4.0,,,,91,
2019-05-13T23:10:31.000Z,-2296659922,-4318671343,539794921875,6432,110.5,368,12,gps,0.7,0.8,1.0,-4.0,,,,91,
2019-05-13T23:10:34.000Z,-2296663273,-43186644,5.0162E+15,7504,116.4,2.0,12,gps,0.7,0.8,1.0,-4.0,,,,91,
2019-05-13T23:10:36.000Z,-2296666438,-4318657351,511016845703125,1072,119.0,327,12,gps,0.7,0.8,1.0,-4.0,,,,91,
2019-05-13T23:10:39.000Z,-2296673396,-4318647917,5.92215E+15,8576,122.6,326,12,gps,0.7,0.8,1.0,-4.0,,,,91,
2019-05-13T23:10:42.000Z,-2296678529,-4318639833,6.7308E+15,1072,126.4,325,12,gps,0.7,0.8,1.0,-4.0,,,,91,
2019-05-13T23:10:45.000Z,-229668735,-4318635524,84664306640625,1072,153.2,274,12,gps,0.7,0.8,1.0,-4.0,,,,91,
2019-05-13T23:10:48.000Z,-2296693931,-4318633175,9.07187E+15,7504,150.9,333,13,gps,0.7,0.8,1.0,-4.0,,,,91,
2019-05-13T23:10:51.000Z,-2296703436,-4318626749,9.50717E+15,1072,147.6,441,13,gps,0.7,0.8,1.0,-4.0,,,,91,
2019-05-13T23:10:54.000Z,-2296720662,-431861371,905230712890625,1072,141.9,682,14,gps,0.6,0.8,1.0,-4.0,,,,91,
2019-05-13T23:10:56.086Z,-229675135,-431859216,,20095,,,0,network,,,,,,,,91,
2019-05-13T23:10:59.000Z,-2296753683,-4318585054,1.12916E+16,1072,145.2,981,13,gps,0.6,0.8,1.0,-4.0,,,,91,
2019-05-13T23:11:02.000Z,-2296772865,-431856965,866925048828125,11792,141.6,794,14,gps,0.6,0.8,1.0,-4.0,,,,91,
2019-05-13T23:11:05.000Z,-2296785227,-4318556438,1.07575E+16,1072,144.4,506,13,gps,0.6,0.8,1.0,-4.0,,,,91,
2019-05-13T23:11:07.000Z,-2296792638,-4318549472,921746826171875,1072,138.5,421,13,gps,0.6,0.8,1.0,-4.0,,,,91,
2019-05-13T23:11:10.000Z,-2296799897,-4318545766,103529052734375,1072,162.6,295,13,gps,0.6,0.8,1.0,-4.0,,,,91,
2019-05-13T23:11:13.000Z,-2296808716,-4318539046,14343505859375,536,136.0,195,13,gps,0.6,0.8,1.0,-4.0,,,,91,
2019-05-13T23:11:16.000Z,-2296811647,-4318540116,11056396484375,4288,153.9,89,12,gps,0.7,0.8,1.0,-4.0,,,,91,
2019-05-13T23:11:18.000Z,-2296811927,-4318538991,109739990234375,4288,,0.0,13,gps,0.6,0.8,1.0,-4.0,,,,91,
2019-05-13T23:11:21.000Z,-2296812007,-4318537514,1.1105E+16,4288,,0.0,13,gps,0.6,0.8,1.0,-4.0,,,,91,
2019-05-13T23:11:24.000Z,-2296813353,-4318536415,1.26429E+15,3216,138.3,217,12,gps,0.7,0.8,1.0,-4.0,,,,91,
2019-05-13T23:11:27.000Z,-2296817547,-4318531201,13952392578125,4288,143.5,247,13,gps,0.6,0.8,1.0,-4.0,,,,91,
2019-05-13T23:11:30.000Z,-2296822963,-4318524974,1.19428E+15,536,136.1,243,13,gps,0.6,0.8,1.0,-4.0,,,,91,
2019-05-13T23:11:33.000Z,-2296830717,-4318525973,1.1756E+16,8576,208.5,349,13,gps,0.6,0.8,1.0,-4.0,,,,91,
2019-05-13T23:11:36.000Z,-229684921,-4318548635,1.42731E+15,7504,231.1,7.5,13,gps,0.6,0.8,1.0,-4.0,,,,91,
2019-05-13T23:11:39.000Z,-2296864996,-4318569219,1252978515625,6432,230.6,782,12,gps,0.7,0.9,1.1,-4.0,,,,91,
2019-05-13T23:11:42.000Z,-2296874181,-4318584219,119296875,7504,238.3,476,13,gps,0.7,0.8,1.1,-4.0,,,,91,
2019-05-13T23:11:45.000Z,-2296876303,-4318588141,1.20539E+15,8576,235.5,24,12,gps,0.7,0.8,1.1,-4.0,,,,91,
2019-05-13T23:11:48.000Z,-2296875545,-4318588143,1.37599E+15,7504,235.6,36,12,gps,0.7,0.8,1.1,-4.0,,,,91,
2019-05-13T23:11:51.000Z,-2296874751,-4318590183,1.53494E+15,7504,240.0,131,13,gps,0.6,0.8,1.0,-4.0,,,,91,
2019-05-13T23:11:54.000Z,-2296876562,-4318593748,157764892578125,7504,238.3,188,13,gps,0.6,0.8,1.0,-4.0,,,,91,
2019-05-13T23:11:57.000Z,-2296883677,-4318618286,138216552734375,7504,254.1,622,13,gps,0.6,0.8,1.0,-4.0,,,,91,
2019-05-13T23:11:58.991Z,-229689003,-431861711,,20673,,,0,network,,,,,,,,91,
2019-05-13T23:12:02.000Z,-2296895004,-4318629399,1.91616E+15,6432,240.7,253,12,gps,0.7,0.8,1.1,-4.0,,,,91,
2019-05-13T23:12:05.000Z,-2296898062,-4318629312,2072509765625,6432,200.7,51,12,gps,0.7,0.8,1.1,-4.0,,,,91,
2019-05-13T23:12:08.000Z,-2296899146,-4318632006,2.22755E+15,536,240.1,44,12,gps,0.7,0.8,1.1,-4.0,,,,91,
2019-05-13T23:12:11.000Z,-2296898505,-4318633234,2.60312E+15,6432,288.7,16,12,gps,0.7,0.8,1.1,-4.0,,,,91,
2019-05-13T23:12:14.000Z,-2296898893,-4318636416,2.55809E+15,1072,259.9,267,12,gps,0.7,0.8,1.1,-4.0,,,,91,
2019-05-13T23:12:17.000Z,-2296903317,-4318643786,231650390625,1072,232.2,2.8,12,gps,0.7,0.8,1.1,-4.0,,,,91,
2019-05-13T23:12:20.000Z,-229690923,-431864797,2404443359375,1072,223.2,275,11,gps,0.7,0.9,1.1,-4.0,,,,91,
2019-05-13T23:12:22.000Z,-2296914333,-4318652898,1.36959E+15,11792,223.4,368,12,gps,0.7,0.9,1.1,-4.0,,,,91,
2019-05-13T23:12:25.000Z,-2296926944,-4318667903,1.99732E+15,1072,239.2,538,12,gps,0.7,0.9,1.1,-4.0,,,,91,
2019-05-13T23:12:28.000Z,-2296938306,-4318682315,17767578125,1072,235.3,693,13,gps,0.6,0.8,1.0,-4.0,,,,91,
2019-05-13T23:12:30.000Z,-2296949586,-4318697496,1.77946E+15,1072,230.3,882,14,gps,0.6,0.8,1.0,-4.0,,,,91,
2019-05-13T23:12:33.000Z,-2296964201,-4318720889,1.52194E+15,1072,237.8,8.6,14,gps,0.6,0.8,1.0,-4.0,,,,91,
2019-05-13T23:12:36.000Z,-2296974957,-4318738328,150169677734375,1072,240.3,732,13,gps,0.6,0.8,1.0,-4.0,,,,91,
2019-05-13T23:12:39.000Z,-2296986695,-4318766495,12716064453125,1072,239.2,1056,13,gps,0.6,0.8,1.0,-4.0,,,,91,
2019-05-13T23:12:42.000Z,-2297009642,-4318800626,9.52621E+15,1072,234.7,1305,13,gps,0.6,0.8,1.0,-4.0,,,,91,
2019-05-13T23:12:45.000Z,-229703094,-4318833853,617437744140625,13936001,233.3,1312,12,gps,0.6,0.8,1.0,-4.0,,,,91,
2019-05-13T23:12:48.000Z,-2297053379,-4318859761,5.40952E+15,12864,227.7,1276,12,gps,0.6,0.8,1.0,-4.0,,,,91,
2019-05-13T23:12:51.000Z,-2297077828,-431888659,365875244140625,12864,228.9,1222,12,gps,0.7,0.8,1.0,-4.0,,,,91,
2019-05-13T23:12:54.000Z,-2297107723,-4318910757,4.21109E+15,11792,223.5,1254,12,gps,0.7,0.8,1.1,-4.0,,,,91,
2019-05-13T23:12:57.000Z,-229713268,-4318931762,4.11832E+15,11792,218.4,1339,12,gps,0.7,0.8,1.1,-4.0,,,,91,
2019-05-13T23:13:00.000Z,-2297159845,-4318955694,4.53409E+15,1072,224.2,1314,13,gps,0.6,0.8,1.0,-4.0,,,,91,
2019-05-13T23:13:03.000Z,-2297187426,-4318980504,495458984375,1072,226.9,1296,13,gps,0.6,0.8,1.0,-4.0,,,,91,
2019-05-13T23:13:05.000Z,-2297204014,-4318998595,4.28671E+15,1072,221.7,1185,12,gps,0.7,0.8,1.1,-4.0,,,,91,
2019-05-13T23:13:08.000Z,-229722771,-4319020369,65152587890625,1072,223.6,1174,11,gps,0.7,0.8,1.0,-4.0,,,,91,
2019-05-13T23:13:11.000Z,-2297254716,-431904342,4.25412E+15,1072,218.8,12.0,11,gps,0.7,0.8,1.0,-4.0,,,,91,
2019-05-13T23:13:14.000Z,-229728159,-4319066174,109185791015625,1072,215.5,12.6,10,gps,0.8,0.8,1.1,-4.0,,,,91,
2019-05-13T23:13:17.000Z,-2297305565,-4319086307,-303466796875,9648001,211.0,1192,10,gps,0.8,0.9,1.2,-4.0,,,,91,
2019-05-13T23:13:20.000Z,-2297336057,-4319101946,1810302734375,1072,204.7,1266,10,gps,0.8,0.9,1.2,-4.0,,,,91,
2019-05-13T23:13:23.000Z,-2297358383,-4319112892,16436767578125,1072,204.5,831,9,gps,0.8,0.9,1.2,-4.0,,,,91,
2019-05-13T23:13:26.000Z,-2297370521,-4319121905,-466033935546875,11792,201.2,453,10,gps,0.8,0.9,1.2,-4.0,,,,91,
2019-05-13T23:13:29.000Z,-2297377099,-4319123432,-1888427734375,11792,192.9,139,10,gps,0.8,0.9,1.2,-4.0,,,,91,
2019-05-13T23:13:32.000Z,-2297377741,-4319127383,-1.38083E+15,12864,,0.0,10,gps,0.8,0.9,1.2,-4.0,,,,91,
2019-05-13T23:13:35.000Z,-229737907,-4319135002,-489776611328125,12864,264.0,165,10,gps,0.8,0.9,1.2,-4.0,,,,91,
2019-05-13T23:13:38.000Z,-2297380316,-4319136185,-309442138671875,12864,283.9,33,10,gps,0.8,0.9,1.2,-4.0,,,,91,
2019-05-13T23:13:41.000Z,-2297381322,-4319137496,-283941650390625,12864,238.5,55,10,gps,0.8,0.9,1.2,-4.0,,,,91,
2019-05-13T23:13:44.000Z,-2297384992,-4319136216,-329034423828125,11792,173.6,147,10,gps,0.8,0.9,1.2,-4.0,,,,91,
2019-05-13T23:13:47.000Z,-229738785,-4319136108,638946533203125,12864,250.4,116,10,gps,0.8,0.9,1.2,-4.0,,,,91,
2019-05-13T23:13:50.000Z,-2297387617,-4319139764,177276611328125,12864,272.9,25,9,gps,0.9,0.9,1.2,-4.0,,,,91,
2019-05-13T23:13:53.000Z,-229738627,-4319142635,50250244140625,12864,298.6,138,8,gps,1.0,0.9,1.3,-4.0,,,,91,
2019-05-13T23:13:56.000Z,-2297384151,-43191446,56341552734375,11792,,0.0,9,gps,0.9,0.9,1.3,-4.0,,,,91,
2019-05-13T23:13:59.000Z,-2297382731,-4319145289,5.85641E+15,1072,,0.0,9,gps,0.9,0.9,1.3,-4.0,,,,91,
2019-05-13T23:14:02.000Z,-229738174,-4319145216,604095458984375,1072,,0.0,9,gps,0.9,0.9,1.2,-4.0,,,,91,
2019-05-13T23:14:05.000Z,-2297381496,-4319144231,5.09268E+15,1072,,0.0,10,gps,0.8,0.9,1.2,-4.0,,,,91,
2019-05-13T23:14:08.000Z,-2297382334,-4319142767,524798583984375,1072,,0.0,10,gps,0.8,0.9,1.2,-4.0,,,,91,
2019-05-13T23:14:11.000Z,-2297392509,-4319144916,5.45084E+15,1072,201.0,499,10,gps,0.8,0.9,1.2,-4.0,,,,91,
2019-05-13T23:14:14.000Z,-2297415662,-4319145405,73326416015625,11792,188.2,619,10,gps,0.8,0.9,1.2,-4.0,,,,91,
2019-05-13T23:14:17.000Z,-2297433144,-4319155218,783575439453125,11792,207.2,701,9,gps,0.8,0.9,1.2,-4.0,,,,91,
2019-05-13T23:14:20.000Z,-2297445451,-4319167613,8.33139E+15,11792,211.8,707,10,gps,0.8,0.9,1.2,-4.0,,,,91,
2019-05-13T23:14:23.000Z,-2297468506,-4319184719,907208251953125,12864,213.6,929,10,gps,0.8,0.9,1.2,-4.0,,,,91,
2019-05-13T23:14:26.000Z,-2297493323,-4319186828,10046630859375,12864,194.7,786,10,gps,0.8,0.9,1.2,-4.0,,,,91,
2019-05-13T23:14:29.000Z,-2297503978,-4319194465,989471435546875,1072,206.4,449,11,gps,0.8,0.8,1.2,-4.0,,,,91,
2019-05-13T23:14:32.000Z,-2297511317,-4319197143,1.25568E+15,11792,189.0,226,11,gps,0.8,0.8,1.2,-4.0,,,,91,
2019-05-13T23:14:35.000Z,-2297511902,-4319193769,142647705078125,12864,121.4,87,12,gps,0.8,0.8,1.1,-4.0,,,,91,
2019-05-13T23:14:39.000Z,-2297511548,-4319199163,1.62608E+15,11792,,0.0,12,gps,0.8,0.8,1.1,-4.0,,,,91,
2019-05-13T23:14:42.000Z,-2297512227,-4319198293,1.73602E+15,11792,,0.0,12,gps,0.8,0.8,1.1,-4.0,,,,91,
2019-05-13T23:14:45.000Z,-2297512428,-4319197463,1.73508E+15,1072,,0.0,12,gps,0.8,0.8,1.1,-4.0,,,,91,
2019-05-13T23:14:47.059Z,-229751463,-431920312,,19387,,,0,network,,,,,,,,91,
2019-05-13T23:14:50.000Z,-2297512757,-4319196028,1.86743E+15,1072,,0.0,11,gps,0.8,0.8,1.2,-4.0,,,,91,
2019-05-13T23:14:53.000Z,-2297512736,-4319196132,1.85663E+15,1072,,0.0,11,gps,0.8,0.8,1.2,-4.0,,,,91,
2019-05-13T23:14:56.000Z,-2297512535,-4319196352,1.8787E+15,1072,,0.0,12,gps,0.7,0.8,1.1,-4.0,,,,91,
2019-05-13T23:14:59.000Z,-2297512484,-4319196404,1.8872E+15,1072,,0.0,12,gps,0.7,0.8,1.1,-4.0,,,,91,
2019-05-13T23:15:02.000Z,-2297512608,-4319196243,1.89291E+15,1072,,0.0,12,gps,0.7,0.8,1.1,-4.0,,,,91,
2019-05-13T23:15:05.000Z,-2297512612,-4319196232,1888818359375,11792,,0.0,13,gps,0.7,0.8,1.0,-4.0,,,,91,
2019-05-13T23:14:47.059Z,-229751463,-431920312,,19387,,,0,network,,,,,,,,91,
2019-05-13T23:15:10.000Z,-2297516687,-4319192863,202274169921875,11792,178.1,174,12,gps,0.7,0.8,1.1,-4.0,,,,91,
2019-05-13T23:15:13.000Z,-2297526137,-4319191626,2.54871E+15,12864,189.7,328,13,gps,0.7,0.8,1.1,-4.0,,,,91,
2019-05-13T23:15:16.000Z,-229753811,-4319198268,2.41246E+15,11792,205.7,456,13,gps,0.7,0.8,1.1,-4.0,,,,91,
2019-05-13T23:15:19.000Z,-2297550316,-4319206823,18588134765625,11792,211.9,4.0,12,gps,0.7,0.8,1.1,-4.0,,,,91,
2019-05-13T23:15:21.000Z,-2297557722,-4319211485,2.01307E+15,11792,211.9,394,11,gps,0.7,0.8,1.1,-4.0,,,,91,
2019-05-13T23:15:24.000Z,-2297567029,-4319219468,141815185546875,9648001,206.5,351,11,gps,0.7,0.8,1.1,-4.0,,,,91,
2019-05-13T23:15:27.000Z,-2297575289,-4319230989,1.30912E+15,3216,215.4,4.2,12,gps,0.7,0.8,1.1,-4.0,,,,91,
2019-05-13T23:15:30.000Z,-2297589715,-4319246455,1.50168E+15,536,206.7,7.6,14,gps,0.6,0.8,1.0,-4.0,,,,91,
2019-05-13T23:15:33.000Z,-2297614196,-4319252891,91805419921875,8576,195.9,9.8,13,gps,0.7,0.8,1.1,-4.0,,,,91,
2019-05-13T23:15:36.000Z,-2297638862,-4319255256,8216064453125,7504,196.3,906,11,gps,0.8,0.9,1.2,-4.0,,,,91,
2019-05-13T23:15:39.000Z,-2297666783,-4319260911,8.79318E+15,6432,191.3,998,11,gps,0.8,0.9,1.1,-4.0,,,,91,
2019-05-13T23:15:42.000Z,-2297696203,-4319266203,911279296875,6432,187.9,1064,10,gps,0.8,0.9,1.2,-4.0,,,,91,
2019-05-13T23:15:45.000Z,-2297725552,-4319275352,8.24594E+15,4288,193.8,1161,9,gps,1.0,0.9,1.4,-4.0,,,,91,
2019-05-13T23:15:48.000Z,-2297757563,-4319283907,6.8317E+15,536,193.5,1229,9,gps,0.9,0.9,1.3,-3.9,,,,91,
2019-05-13T23:15:50.025Z,-229777999,-431929563,,20576,,,0,network,,,,,,,,91,
2019-05-13T23:15:54.000Z,-2297825558,-4319297997,670172119140625,8576,190.1,12.9,12,gps,0.7,0.8,1.0,-3.9,,,,91,
2019-05-13T23:16:19.000Z,-2298105465,-4319262085,7.83926E+15,33232002,167.2,718,0,gps,0.7,0.8,1.0,-3.9,,,,90,
2019-05-13T23:16:22.000Z,-2298108477,-4319254259,1.15891E+15,11792,148.8,319,11,gps,0.7,0.8,1.1,-3.9,,,,90,
2019-05-13T23:16:24.065Z,-229812242,-431926434,3.7E+15,22855,,,0,network,,,,,,,,90,
2019-05-13T23:16:27.000Z,-2298106821,-4319254169,62432861328125,7504,,0.0,12,gps,0.7,0.8,1.0,-3.9,,,,90,
2019-05-13T23:16:30.000Z,-2298106201,-4319251152,100772705078125,7504,,0.0,12,gps,0.6,0.8,1.0,-3.9,,,,90,
2019-05-13T23:16:33.000Z,-2298105327,-4319250417,1.27746E+15,7504,,0.0,12,gps,0.6,0.8,1.0,-3.9,,,,90,
2019-05-13T23:16:36.000Z,-2298104331,-4319249358,15617431640625,7504,,0.0,12,gps,0.6,0.8,1.0,-3.9,,,,90,
2019-05-13T23:16:39.000Z,-2298103981,-4319249102,1.74988E+15,7504,,0.0,14,gps,0.6,0.8,1.0,-3.9,,,,90,
2019-05-13T23:16:42.000Z,-2298104666,-4319250019,19007568359375,6432,288.2,55,13,gps,0.6,0.8,1.0,-3.9,,,,90,
2019-05-13T23:16:45.000Z,-2298109807,-4319249484,15454833984375,4288,169.0,149,12,gps,0.7,0.8,1.1,-3.9,,,,90,
2019-05-13T23:16:48.000Z,-2298116815,-431925194,1.49811E+15,4288,179.0,242,13,gps,0.6,0.8,1.0,-3.9,,,,90,
2019-05-13T23:16:51.000Z,-2298125062,-431925228,164708251953125,536,179.7,239,13,gps,0.6,0.8,1.0,-3.9,,,,90,
2019-05-13T23:16:54.000Z,-2298131146,-4319251007,1.49445E+15,536,,0.0,12,gps,0.7,0.9,1.1,-3.9,,,,90,
2019-05-13T23:16:57.000Z,-2298130826,-4319249223,1.35648E+15,536,83.7,58,12,gps,0.7,0.9,1.1,-3.9,,,,90,
2019-05-13T23:17:00.000Z,-2298132402,-4319246661,1.46559E+15,7504,158.7,203,10,gps,0.8,0.9,1.2,-3.9,,,,90,
2019-05-13T23:17:03.000Z,-2298147587,-431924029,15751220703125,9648001,161.5,513,10,gps,0.8,0.9,1.2,-3.9,,,,90,
2019-05-13T23:17:05.000Z,-2298159267,-4319236601,1.58594E+15,13936001,163.2,629,10,gps,0.8,0.9,1.2,-3.9,,,,90,
2019-05-13T23:17:07.103Z,-229818181,-431923743,,21947,,,0,network,,,,,,,,90,
2019-05-13T23:17:10.000Z,-229820703,-4319233811,15928955078125,6432,169.8,1029,10,gps,0.8,0.9,1.2,-3.9,,,,90,
2019-05-13T23:17:13.000Z,-2298238144,-4319228048,175413818359375,6432,172.4,1214,14,gps,0.6,0.8,1.0,-3.9,,,,90,
2019-05-13T23:17:16.000Z,-2298272457,-431921058,16237060546875,6432,160.2,1343,15,gps,0.6,0.7,0.9,-3.9,,,,90,
2019-05-13T23:17:19.000Z,-2298307732,-4319199002,117486572265625,4288,164.0,1293,12,gps,0.8,0.8,1.1,-3.9,,,,90,
2019-05-13T23:17:21.000Z,-2298327719,-4319191279,1.09651E+16,9648001,162.4,1203,11,gps,0.9,0.9,1.2,-3.9,,,,90,
2019-05-13T23:17:24.000Z,-2298359288,-4319179302,1.06391E+15,11792,161.7,1244,12,gps,0.7,0.8,1.0,-3.9,,,,90,
2019-05-13T23:17:27.000Z,-2298397029,-4319166653,1.12171E+15,13936001,162.2,1346,12,gps,0.7,0.8,1.0,-3.9,,,,90,
2019-05-13T23:17:30.000Z,-2298427281,-431916135,915081787109375,1072,160.8,1124,10,gps,0.8,0.9,1.2,-3.9,,,,90,
2019-05-13T23:17:33.000Z,-2298455506,-4319157038,1.06663E+16,9648001,166.3,1017,13,gps,0.7,0.8,1.1,-3.9,,,,90,
2019-05-13T23:17:36.000Z,-2298477427,-4319143064,93787841796875,1072,155.4,907,13,gps,0.7,0.8,1.1,-3.9,,,,90,
2019-05-13T23:17:39.000Z,-2298495438,-4319135397,970025634765625,11792,158.6,679,11,gps,0.8,0.9,1.2,-3.9,,,,90,
2019-05-13T23:17:42.000Z,-2298507483,-4319149617,1.08705E+16,1072,195.8,4.1,14,gps,0.6,0.8,1.0,-3.9,,,,90,
2019-05-13T23:17:45.000Z,-2298509711,-4319177859,864727783203125,1072,259.1,632,14,gps,0.6,0.8,1.0,-3.9,,,,90,
2019-05-13T23:17:48.000Z,-2298510233,-4319194271,9.75278E+15,11792,269.1,512,14,gps,0.6,0.8,1.0,-3.9,,,,90,
2019-05-13T23:17:50.061Z,-229852694,-431921071,,2148,,,0,network,,,,,,,,90,
2019-05-13T23:17:53.000Z,-2298517892,-4319215754,114052734375,1072,256.5,302,14,gps,0.6,0.8,1.0,-3.9,,,,90,
2019-05-13T23:17:56.000Z,-2298520757,-4319218964,106123046875,1072,234.8,86,14,gps,0.6,0.8,1.0,-3.9,,,,90,
2019-05-13T23:17:59.000Z,-2298522416,-4319219727,1.10443E+16,1072,258.1,42,14,gps,0.6,0.8,1.0,-3.9,,,,90,
2019-05-13T23:18:01.000Z,-2298523815,-4319218694,9.68015E+15,1072,,0.0,14,gps,0.6,0.8,1.0,-3.9,,,,90,
2019-05-13T23:18:04.000Z,-2298523531,-4319218665,94608154296875,1072,,0.0,14,gps,0.6,0.8,1.0,-3.9,,,,90,
2019-05-13T23:18:07.000Z,-2298524227,-4319218614,824407958984375,1072,,0.0,14,gps,0.6,0.8,1.0,-3.9,,,,90,
2019-05-13T23:18:10.000Z,-2298525066,-4319218246,9.27438E+15,1072,110.5,73,14,gps,0.6,0.8,1.0,-3.9,,,,90,
2019-05-13T23:18:12.059Z,-229852827,-43192176,,19456,,,0,network,,,,,,,,90,
2019-05-13T23:18:15.000Z,-2298523482,-4319217604,142017822265625,1072,317.7,24,14,gps,0.6,0.8,1.0,-3.9,,,,90,
2019-05-13T23:18:18.000Z,-229852497,-4319219853,1512255859375,1072,253.0,148,14,gps,0.6,0.8,1.0,-3.9,,,,90,
2019-05-13T23:18:21.000Z,-2298529038,-4319224817,16371337890625,1072,230.9,219,14,gps,0.6,0.8,1.0,-3.9,,,,90,
2019-05-13T23:18:24.000Z,-2298530772,-431923279,1.7473E+15,1072,265.3,355,14,gps,0.6,0.8,1.0,-3.9,,,,90,
2019-05-13T23:18:27.000Z,-2298531908,-4319243191,178035888671875,1072,265.8,407,14,gps,0.6,0.8,1.0,-3.9,,,,90,
2019-05-13T23:18:30.000Z,-2298538083,-4319266232,1764794921875,1072,257.4,553,14,gps,0.6,0.8,1.0,-3.9,,,,90,
2019-05-13T23:18:32.000Z,-229854101,-4319276538,1.94339E+15,11792,252.5,552,14,gps,0.6,0.8,1.0,-3.9,,,,90,
2019-05-13T23:18:35.000Z,-2298547953,-4319303594,1.6024E+15,11792,257.7,839,13,gps,0.6,0.8,1.0,-3.9,,,,90,
2019-05-13T23:18:38.000Z,-2298554531,-4319330877,1.11834E+16,1072,259.2,904,14,gps,0.6,0.8,1.0,-3.9,,,,90,
2019-05-13T23:18:41.000Z,-2298565018,-4319358717,6.93814E+15,11792,254.3,889,14,gps,0.6,0.8,1.0,-3.9,,,,90,
2019-05-13T23:18:44.000Z,-2298571055,-4319382277,8.6152E+15,1072,257.9,751,14,gps,0.6,0.8,1.0,-3.9,,,,90,
2019-05-13T23:18:47.000Z,-2298577384,-4319406806,7.56631E+15,11792,253.7,822,14,gps,0.6,0.8,1.0,-3.9,,,,90,
2019-05-13T23:18:49.000Z,-2298581868,-4319421448,8.63327E+15,11792,249.0,801,14,gps,0.6,0.8,1.0,-3.9,,,,90,
2019-05-13T23:18:52.000Z,-229859376,-4319446449,977166748046875,11792,247.0,904,12,gps,0.7,0.8,1.0,-3.9,,,,90,
2019-05-13T23:18:55.000Z,-2298602482,-4319476719,616888427734375,1072,254.4,916,14,gps,0.6,0.8,1.0,-3.9,,,,90,
2019-05-13T23:18:58.000Z,-2298610612,-4319506679,8.36697E+15,1072,252.6,1061,13,gps,0.6,0.8,1.0,-3.9,,,,90,
