"1557787001148","1"
"1557787001357","2"
"1557787001523","3"
"1557787001688","4"
"1557787001874","5"
"1557787002107","6"
"1557787002275","7"
"1557787002478","8"
"1557787002928","9"
"1557787003203","10"
"1557787003226","11"
"1557787003486","12"
"1557787003935","13"
"1557787111038","12"
"1557787112134","11"
"1557787117457","12"
"1557787224701","11"
"1557787509497","10"
"1557787515529","11"
"1557787516299","12"
"1557787694727","13"
"1557787695950","14"
"1557787791467","15"
"1557787819423","16"
"1557787933465","15"
"1557787950726","16"
"1557787999694","15"
"1557787999930","14"
"1557788001733","13"
"1557788217687","12"
"1557788218662","11"
"1557788281514","10"
"1557788395805","9"
"1557788431696","8"
"1557788646282","7"
"1557788646596","6"
"1557788784194","7"
"1557788863575","8"
"1557788864227","9"
"1557788864705","10"
"1557788900733","11"
"1557788964108","12"
"1557789010457","11"
"1557789010937","10"
"1557789011626","9"
"1557789113117","8"
"1557789113537","7"
"1557789113941","6"
"1557789114337","5"
"1557789115329","6"
"1557789280097","5"
"1557789421956","4"
"1557789479534","3"
